IdRun;MethodParallelization;NameConv;Time(ms);std;NbMicroKernel;AxeFuse1;SizeAxeFuse1;AxeFuse2;SizeAxeFuse2;Schema;Time_search(11.42534327507019)
0;0;Yolo9000_00;81.11769579999999;0.06680748182471666;2;axe_yy1_0,axe_xx1_0,axe_xx1_1,axe_yy1_1;64;axe_yy2_0,axe_xx2_0,axe_xx2_1,axe_yy2_1;32;F:1, C:1, Y:16, X:1, X:2, Y:2, W:3, H:3, X:272, Y:11, C:3, F:32, ;17.110427379608154
1;0;Yolo9000_00;80.72747360000001;0.06187899396111428;2;axe_yy1_0,axe_xx1_0,axe_xx1_1,axe_yy1_1;64;axe_yy2_0,axe_xx2_0,axe_xx2_1,axe_yy2_1;32;F:1, C:1, Y:2, X:1, X:2, Y:16, W:3, H:3, X:272, Y:11, C:3, F:32, ;22.712753534317017
2;0;Yolo9000_00;81.11047119999999;0.09918775741773593;2;axe_yy1_0,axe_xx1_0,axe_xx1_1,axe_yy1_1;64;axe_yy2_0,axe_xx2_0,axe_xx2_1,axe_yy2_1;32;F:1, C:1, Y:16, X:2, X:1, Y:2, W:3, H:3, X:272, Y:11, C:3, F:32, ;28.322078466415405
3;0;Yolo9000_00;81.08468389999999;0.08287916342778764;2;axe_yy1_0,axe_xx1_0,axe_xx1_1,axe_yy1_1;64;axe_yy2_0,axe_xx2_0,axe_xx2_1,axe_yy2_1;32;F:1, C:1, Y:2, X:2, X:1, Y:16, W:3, H:3, X:272, Y:11, C:3, F:32, ;33.900146484375
4;0;Yolo9000_00;76.92578210000002;0.13889527184425626;2;axe_xx1_0,axe_yy1_0,axe_xx1_1,axe_yy1_1;64;axe_xx2_0,axe_yy2_0,axe_xx2_1,axe_yy2_1;32;F:1, C:1, X:1, Y:16, X:2, Y:2, W:3, H:3, X:272, Y:11, C:3, F:32, ;39.36977815628052
5;0;Yolo9000_00;76.6473269;0.04411367915613202;2;axe_xx1_0,axe_yy1_0,axe_xx1_1,axe_yy1_1;64;axe_xx2_0,axe_yy2_0,axe_xx2_1,axe_yy2_1;32;F:1, C:1, X:1, Y:2, X:2, Y:16, W:3, H:3, X:272, Y:11, C:3, F:32, ;44.82984948158264
6;0;Yolo9000_00;76.7112163;0.14367985212690715;2;axe_xx1_0,axe_yy1_0,axe_xx1_1,axe_yy1_1;64;axe_xx2_0,axe_yy2_0,axe_xx2_1,axe_yy2_1;32;F:1, C:1, X:2, Y:16, X:1, Y:2, W:3, H:3, X:272, Y:11, C:3, F:32, ;50.285823345184326
7;0;Yolo9000_00;76.60531169999999;0.09100610634243013;2;axe_xx1_0,axe_yy1_0,axe_xx1_1,axe_yy1_1;64;axe_xx2_0,axe_yy2_0,axe_xx2_1,axe_yy2_1;32;F:1, C:1, X:2, Y:2, X:1, Y:16, W:3, H:3, X:272, Y:11, C:3, F:32, ;55.72817015647888
8;0;Yolo9000_00;52.4606417;0.11612928821623673;2;axe_yy1_0,axe_xx1_0,axe_xx1_1,axe_yy1_1;34;axe_yy2_0,axe_xx2_0,axe_xx2_1,axe_yy2_1;68;F:1, C:1, Y:17, X:1, X:2, Y:1, W:3, H:3, X:272, Y:10, C:3, F:32, ;60.18141508102417
9;0;Yolo9000_00;52.086149;0.13637176061560508;2;axe_yy1_0,axe_xx1_0,axe_xx1_1,axe_yy1_1;34;axe_yy2_0,axe_xx2_0,axe_xx2_1,axe_yy2_1;68;F:1, C:1, Y:1, X:1, X:2, Y:17, W:3, H:3, X:272, Y:10, C:3, F:32, ;64.50627851486206
10;0;Yolo9000_00;52.350227499999995;0.12231876328777301;2;axe_yy1_0,axe_xx1_0,axe_xx1_1,axe_yy1_1;34;axe_yy2_0,axe_xx2_0,axe_xx2_1,axe_yy2_1;68;F:1, C:1, Y:17, X:2, X:1, Y:1, W:3, H:3, X:272, Y:10, C:3, F:32, ;68.89170694351196
11;0;Yolo9000_00;52.070422400000005;0.1500675541462579;2;axe_yy1_0,axe_xx1_0,axe_xx1_1,axe_yy1_1;34;axe_yy2_0,axe_xx2_0,axe_xx2_1,axe_yy2_1;68;F:1, C:1, Y:1, X:2, X:1, Y:17, W:3, H:3, X:272, Y:10, C:3, F:32, ;73.19694375991821
12;0;Yolo9000_00;50.2005412;0.046857305822676776;2;axe_xx1_0,axe_yy1_0,axe_xx1_1,axe_yy1_1;34;axe_xx2_0,axe_yy2_0,axe_xx2_1,axe_yy2_1;68;F:1, C:1, X:1, Y:17, X:2, Y:1, W:3, H:3, X:272, Y:10, C:3, F:32, ;77.4635751247406
13;0;Yolo9000_00;49.681371799999994;0.08726099538602533;2;axe_xx1_0,axe_yy1_0,axe_xx1_1,axe_yy1_1;34;axe_xx2_0,axe_yy2_0,axe_xx2_1,axe_yy2_1;68;F:1, C:1, X:1, Y:1, X:2, Y:17, W:3, H:3, X:272, Y:10, C:3, F:32, ;81.73903203010559
14;0;Yolo9000_00;49.7444411;0.10698438209986545;2;axe_xx1_0,axe_yy1_0,axe_xx1_1,axe_yy1_1;34;axe_xx2_0,axe_yy2_0,axe_xx2_1,axe_yy2_1;68;F:1, C:1, X:2, Y:17, X:1, Y:1, W:3, H:3, X:272, Y:10, C:3, F:32, ;86.01060461997986
15;0;Yolo9000_00;49.9028644;0.07912126308673433;2;axe_xx1_0,axe_yy1_0,axe_xx1_1,axe_yy1_1;34;axe_xx2_0,axe_yy2_0,axe_xx2_1,axe_yy2_1;68;F:1, C:1, X:2, Y:1, X:1, Y:17, W:3, H:3, X:272, Y:10, C:3, F:32, ;90.22632551193237
16;0;Yolo9000_00;59.76899149999999;0.09955552985168631;2;axe_yy1_0,axe_xx1_0,axe_xx1_1,axe_yy1_1;68;axe_yy2_0,axe_xx2_0,axe_xx2_1,axe_yy2_1;34;F:1, C:1, Y:17, X:1, X:2, Y:2, W:3, H:3, X:272, Y:10, C:3, F:32, ;94.89697003364563
17;0;Yolo9000_00;59.2865949;0.13399162028682915;2;axe_yy1_0,axe_xx1_0,axe_xx1_1,axe_yy1_1;68;axe_yy2_0,axe_xx2_0,axe_xx2_1,axe_yy2_1;34;F:1, C:1, Y:2, X:1, X:2, Y:17, W:3, H:3, X:272, Y:10, C:3, F:32, ;99.55462217330933
18;0;Yolo9000_00;59.782496300000005;0.12244342078858353;2;axe_yy1_0,axe_xx1_0,axe_xx1_1,axe_yy1_1;68;axe_yy2_0,axe_xx2_0,axe_xx2_1,axe_yy2_1;34;F:1, C:1, Y:17, X:2, X:1, Y:2, W:3, H:3, X:272, Y:10, C:3, F:32, ;104.22399806976318
19;0;Yolo9000_00;59.3892339;0.17724174249789446;2;axe_yy1_0,axe_xx1_0,axe_xx1_1,axe_yy1_1;68;axe_yy2_0,axe_xx2_0,axe_xx2_1,axe_yy2_1;34;F:1, C:1, Y:2, X:2, X:1, Y:17, W:3, H:3, X:272, Y:10, C:3, F:32, ;108.88210535049438
20;0;Yolo9000_00;65.9807841;0.15312961821636556;2;axe_yy1_0,axe_xx1_0,axe_xx1_1,axe_yy1_1;80;axe_yy2_0,axe_xx2_0,axe_xx2_1,axe_yy2_1;16;F:1, C:1, Y:8, X:1, X:2, Y:5, W:3, H:3, X:272, Y:11, C:3, F:32, ;114.00798988342285
21;0;Yolo9000_00;65.78297789999999;0.1538117950434581;2;axe_yy1_0,axe_xx1_0,axe_xx1_1,axe_yy1_1;80;axe_yy2_0,axe_xx2_0,axe_xx2_1,axe_yy2_1;16;F:1, C:1, Y:5, X:1, X:2, Y:8, W:3, H:3, X:272, Y:11, C:3, F:32, ;119.06342220306396
22;0;Yolo9000_00;65.96073460000001;0.13681332340981808;2;axe_yy1_0,axe_xx1_0,axe_xx1_1,axe_yy1_1;80;axe_yy2_0,axe_xx2_0,axe_xx2_1,axe_yy2_1;16;F:1, C:1, Y:8, X:2, X:1, Y:5, W:3, H:3, X:272, Y:11, C:3, F:32, ;124.13313126564026
23;0;Yolo9000_00;65.86662740000001;0.14303725580924764;2;axe_yy1_0,axe_xx1_0,axe_xx1_1,axe_yy1_1;80;axe_yy2_0,axe_xx2_0,axe_xx2_1,axe_yy2_1;16;F:1, C:1, Y:5, X:2, X:1, Y:8, W:3, H:3, X:272, Y:11, C:3, F:32, ;129.1867561340332
24;0;Yolo9000_00;57.81367919999999;0.07838177347164257;2;axe_xx1_0,axe_yy1_0,axe_xx1_1,axe_yy1_1;68;axe_xx2_0,axe_yy2_0,axe_xx2_1,axe_yy2_1;34;F:1, C:1, X:1, Y:17, X:2, Y:2, W:3, H:3, X:272, Y:10, C:3, F:32, ;133.91010451316833
25;0;Yolo9000_00;57.6482334;0.052161297325124326;2;axe_xx1_0,axe_yy1_0,axe_xx1_1,axe_yy1_1;68;axe_xx2_0,axe_yy2_0,axe_xx2_1,axe_yy2_1;34;F:1, C:1, X:1, Y:2, X:2, Y:17, W:3, H:3, X:272, Y:10, C:3, F:32, ;138.6317241191864
26;0;Yolo9000_00;57.71254809999999;0.09860195044668243;2;axe_xx1_0,axe_yy1_0,axe_xx1_1,axe_yy1_1;68;axe_xx2_0,axe_yy2_0,axe_xx2_1,axe_yy2_1;34;F:1, C:1, X:2, Y:17, X:1, Y:2, W:3, H:3, X:272, Y:10, C:3, F:32, ;143.33548140525818
27;0;Yolo9000_00;57.74815799999999;0.05787788047086667;2;axe_xx1_0,axe_yy1_0,axe_xx1_1,axe_yy1_1;68;axe_xx2_0,axe_yy2_0,axe_xx2_1,axe_yy2_1;34;F:1, C:1, X:2, Y:2, X:1, Y:17, W:3, H:3, X:272, Y:10, C:3, F:32, ;148.0119652748108
28;0;Yolo9000_00;63.44710249999999;0.11931119164206822;2;axe_yy1_0,axe_xx1_0,axe_xx1_1,axe_yy1_1;56;axe_yy2_0,axe_xx2_0,axe_xx2_1,axe_yy2_1;32;F:1, C:1, Y:4, X:1, X:2, Y:7, W:3, H:3, X:272, Y:12, C:3, F:32, ;152.94986009597778
29;0;Yolo9000_00;63.425042;0.13902048602849806;2;axe_yy1_0,axe_xx1_0,axe_xx1_1,axe_yy1_1;56;axe_yy2_0,axe_xx2_0,axe_xx2_1,axe_yy2_1;32;F:1, C:1, Y:7, X:1, X:2, Y:4, W:3, H:3, X:272, Y:12, C:3, F:32, ;157.9608130455017
30;0;Yolo9000_00;63.47934829999999;0.08416368339854327;2;axe_yy1_0,axe_xx1_0,axe_xx1_1,axe_yy1_1;56;axe_yy2_0,axe_xx2_0,axe_xx2_1,axe_yy2_1;32;F:1, C:1, Y:4, X:2, X:1, Y:7, W:3, H:3, X:272, Y:12, C:3, F:32, ;162.95829153060913
31;0;Yolo9000_00;63.4301604;0.0996144672898513;2;axe_yy1_0,axe_xx1_0,axe_xx1_1,axe_yy1_1;56;axe_yy2_0,axe_xx2_0,axe_xx2_1,axe_yy2_1;32;F:1, C:1, Y:7, X:2, X:1, Y:4, W:3, H:3, X:272, Y:12, C:3, F:32, ;167.89749264717102
32;0;Yolo9000_00;59.215707699999996;0.14986763675393705;2;axe_yy1_0,axe_xx1_0,axe_xx1_1,axe_yy1_1;72;axe_yy2_0,axe_xx2_0,axe_xx2_1,axe_yy2_1;40;F:1, C:1, Y:4, X:1, X:2, Y:9, W:3, H:3, X:272, Y:9, C:3, F:32, ;172.51764488220215
33;0;Yolo9000_00;59.31367830000001;0.0630769287347604;2;axe_yy1_0,axe_xx1_0,axe_xx1_1,axe_yy1_1;72;axe_yy2_0,axe_xx2_0,axe_xx2_1,axe_yy2_1;40;F:1, C:1, Y:9, X:1, X:2, Y:4, W:3, H:3, X:272, Y:9, C:3, F:32, ;177.1355254650116
34;0;Yolo9000_00;59.262826;0.0632246253654379;2;axe_yy1_0,axe_xx1_0,axe_xx1_1,axe_yy1_1;72;axe_yy2_0,axe_xx2_0,axe_xx2_1,axe_yy2_1;40;F:1, C:1, Y:4, X:2, X:1, Y:9, W:3, H:3, X:272, Y:9, C:3, F:32, ;181.74824810028076
35;0;Yolo9000_00;59.32042620000001;0.11793700696711035;2;axe_yy1_0,axe_xx1_0,axe_xx1_1,axe_yy1_1;72;axe_yy2_0,axe_xx2_0,axe_xx2_1,axe_yy2_1;40;F:1, C:1, Y:9, X:2, X:1, Y:4, W:3, H:3, X:272, Y:9, C:3, F:32, ;186.42689681053162
36;0;Yolo9000_00;56.964529199999994;0.06303991616713805;2;axe_xx1_0,axe_yy1_0,axe_xx1_1,axe_yy1_1;72;axe_xx2_0,axe_yy2_0,axe_xx2_1,axe_yy2_1;40;F:1, C:1, X:1, Y:4, X:2, Y:9, W:3, H:3, X:272, Y:9, C:3, F:32, ;190.9696168899536
37;0;Yolo9000_00;57.082827400000006;0.03733985110361235;2;axe_xx1_0,axe_yy1_0,axe_xx1_1,axe_yy1_1;72;axe_xx2_0,axe_yy2_0,axe_xx2_1,axe_yy2_1;40;F:1, C:1, X:1, Y:9, X:2, Y:4, W:3, H:3, X:272, Y:9, C:3, F:32, ;195.53644609451294
38;0;Yolo9000_00;56.899046;0.06149520998094147;2;axe_xx1_0,axe_yy1_0,axe_xx1_1,axe_yy1_1;72;axe_xx2_0,axe_yy2_0,axe_xx2_1,axe_yy2_1;40;F:1, C:1, X:2, Y:4, X:1, Y:9, W:3, H:3, X:272, Y:9, C:3, F:32, ;200.0795328617096
39;0;Yolo9000_00;57.01992349999999;0.08192286593528127;2;axe_xx1_0,axe_yy1_0,axe_xx1_1,axe_yy1_1;72;axe_xx2_0,axe_yy2_0,axe_xx2_1,axe_yy2_1;40;F:1, C:1, X:2, Y:9, X:1, Y:4, W:3, H:3, X:272, Y:9, C:3, F:32, ;204.6227605342865
40;0;Yolo9000_00;65.46475260000001;0.09791488339389386;2;axe_yy1_0,axe_xx1_0,axe_xx1_1,axe_yy1_1;88;axe_yy2_0,axe_xx2_0,axe_xx2_1,axe_yy2_1;16;F:1, C:1, Y:4, X:1, X:2, Y:11, W:3, H:3, X:272, Y:10, C:3, F:32, ;209.5621476173401
41;0;Yolo9000_00;65.3767508;0.10559618277930378;2;axe_yy1_0,axe_xx1_0,axe_xx1_1,axe_yy1_1;88;axe_yy2_0,axe_xx2_0,axe_xx2_1,axe_yy2_1;16;F:1, C:1, Y:11, X:1, X:2, Y:4, W:3, H:3, X:272, Y:10, C:3, F:32, ;214.5119640827179
42;0;Yolo9000_00;65.35184070000001;0.1469025464878333;2;axe_yy1_0,axe_xx1_0,axe_xx1_1,axe_yy1_1;88;axe_yy2_0,axe_xx2_0,axe_xx2_1,axe_yy2_1;16;F:1, C:1, Y:4, X:2, X:1, Y:11, W:3, H:3, X:272, Y:10, C:3, F:32, ;219.49535083770752
43;0;Yolo9000_00;65.4395256;0.08673324669145102;2;axe_yy1_0,axe_xx1_0,axe_xx1_1,axe_yy1_1;88;axe_yy2_0,axe_xx2_0,axe_xx2_1,axe_yy2_1;16;F:1, C:1, Y:11, X:2, X:1, Y:4, W:3, H:3, X:272, Y:10, C:3, F:32, ;224.47792100906372
44;0;Yolo9000_00;67.1581602;0.11501831069164213;2;axe_yy1_0,axe_xx1_0,axe_xx1_1,axe_yy1_1;48;axe_yy2_0,axe_xx2_0,axe_xx2_1,axe_yy2_1;40;F:1, C:1, Y:4, X:1, X:2, Y:6, W:3, H:3, X:272, Y:11, C:3, F:32, ;229.66274213790894
45;0;Yolo9000_00;67.2350675;0.11549758403122644;2;axe_yy1_0,axe_xx1_0,axe_xx1_1,axe_yy1_1;48;axe_yy2_0,axe_xx2_0,axe_xx2_1,axe_yy2_1;40;F:1, C:1, Y:6, X:1, X:2, Y:4, W:3, H:3, X:272, Y:11, C:3, F:32, ;234.8045690059662
46;0;Yolo9000_00;67.1411985;0.0549151772231493;2;axe_yy1_0,axe_xx1_0,axe_xx1_1,axe_yy1_1;48;axe_yy2_0,axe_xx2_0,axe_xx2_1,axe_yy2_1;40;F:1, C:1, Y:4, X:2, X:1, Y:6, W:3, H:3, X:272, Y:11, C:3, F:32, ;239.940908908844
47;0;Yolo9000_00;67.36031899999999;0.029144011690227227;2;axe_yy1_0,axe_xx1_0,axe_xx1_1,axe_yy1_1;48;axe_yy2_0,axe_xx2_0,axe_xx2_1,axe_yy2_1;40;F:1, C:1, Y:6, X:2, X:1, Y:4, W:3, H:3, X:272, Y:11, C:3, F:32, ;245.14476561546326
48;0;Yolo9000_00;90.6172644;0.1893377334696928;2;axe_yy1_0,axe_xx1_0,axe_xx1_1,axe_yy1_1;16;axe_yy2_0,axe_xx2_0,axe_xx2_1,axe_yy2_1;64;F:1, C:1, Y:8, X:1, X:2, Y:1, W:3, H:3, X:272, Y:12, C:3, F:32, ;251.24173092842102
49;0;Yolo9000_00;90.8079085;0.16702519709268665;2;axe_yy1_0,axe_xx1_0,axe_xx1_1,axe_yy1_1;16;axe_yy2_0,axe_xx2_0,axe_xx2_1,axe_yy2_1;64;F:1, C:1, Y:1, X:1, X:2, Y:8, W:3, H:3, X:272, Y:12, C:3, F:32, ;257.3998258113861
50;0;Yolo9000_00;90.487312;0.1532747630968638;2;axe_yy1_0,axe_xx1_0,axe_xx1_1,axe_yy1_1;16;axe_yy2_0,axe_xx2_0,axe_xx2_1,axe_yy2_1;64;F:1, C:1, Y:8, X:2, X:1, Y:1, W:3, H:3, X:272, Y:12, C:3, F:32, ;263.4938814640045
51;0;Yolo9000_00;90.972639;0.26855973312766296;2;axe_yy1_0,axe_xx1_0,axe_xx1_1,axe_yy1_1;16;axe_yy2_0,axe_xx2_0,axe_xx2_1,axe_yy2_1;64;F:1, C:1, Y:1, X:2, X:1, Y:8, W:3, H:3, X:272, Y:12, C:3, F:32, ;269.5869071483612
52;0;Yolo9000_00;80.5924546;0.1403042674220562;2;axe_yy1_0,axe_xx1_0,axe_xx1_1,axe_yy1_1;48;axe_yy2_0,axe_xx2_0,axe_xx2_1,axe_yy2_1;64;F:1, C:1, Y:8, X:1, X:2, Y:3, W:3, H:3, X:272, Y:8, C:3, F:32, ;275.03385519981384
53;0;Yolo9000_00;80.345362;0.0819070943923677;2;axe_yy1_0,axe_xx1_0,axe_xx1_1,axe_yy1_1;48;axe_yy2_0,axe_xx2_0,axe_xx2_1,axe_yy2_1;64;F:1, C:1, Y:3, X:1, X:2, Y:8, W:3, H:3, X:272, Y:8, C:3, F:32, ;280.41757225990295
54;0;Yolo9000_00;80.6487288;0.12248196013192993;2;axe_yy1_0,axe_xx1_0,axe_xx1_1,axe_yy1_1;48;axe_yy2_0,axe_xx2_0,axe_xx2_1,axe_yy2_1;64;F:1, C:1, Y:8, X:2, X:1, Y:3, W:3, H:3, X:272, Y:8, C:3, F:32, ;285.80925273895264
55;0;Yolo9000_00;80.59585369999999;0.0607000222817911;2;axe_yy1_0,axe_xx1_0,axe_xx1_1,axe_yy1_1;48;axe_yy2_0,axe_xx2_0,axe_xx2_1,axe_yy2_1;64;F:1, C:1, Y:3, X:2, X:1, Y:8, W:3, H:3, X:272, Y:8, C:3, F:32, ;291.24675011634827
56;0;Yolo9000_00;62.586613299999996;0.06052848855547273;2;axe_yy1_0,axe_xx1_0,axe_xx1_1,axe_yy1_1;32;axe_yy2_0,axe_xx2_0,axe_xx2_1,axe_yy2_1;80;F:1, C:1, Y:8, X:1, X:2, Y:2, W:3, H:3, X:272, Y:9, C:3, F:32, ;295.93739771842957
57;0;Yolo9000_00;62.4900565;0.08441095777119244;2;axe_yy1_0,axe_xx1_0,axe_xx1_1,axe_yy1_1;32;axe_yy2_0,axe_xx2_0,axe_xx2_1,axe_yy2_1;80;F:1, C:1, Y:2, X:1, X:2, Y:8, W:3, H:3, X:272, Y:9, C:3, F:32, ;300.62365436553955
58;0;Yolo9000_00;62.6676523;0.07254510251291815;2;axe_yy1_0,axe_xx1_0,axe_xx1_1,axe_yy1_1;32;axe_yy2_0,axe_xx2_0,axe_xx2_1,axe_yy2_1;80;F:1, C:1, Y:8, X:2, X:1, Y:2, W:3, H:3, X:272, Y:9, C:3, F:32, ;305.37632727622986
59;0;Yolo9000_00;62.5103577;0.0866031237901383;2;axe_yy1_0,axe_xx1_0,axe_xx1_1,axe_yy1_1;32;axe_yy2_0,axe_xx2_0,axe_xx2_1,axe_yy2_1;80;F:1, C:1, Y:2, X:2, X:1, Y:8, W:3, H:3, X:272, Y:9, C:3, F:32, ;310.1228177547455
60;0;Yolo9000_00;59.985118799999995;0.038836469143835;2;axe_xx1_0,axe_yy1_0,axe_xx1_1,axe_yy1_1;32;axe_xx2_0,axe_yy2_0,axe_xx2_1,axe_yy2_1;80;F:1, C:1, X:1, Y:8, X:2, Y:2, W:3, H:3, X:272, Y:9, C:3, F:32, ;314.7444450855255
61;0;Yolo9000_00;59.90694599999999;0.02596471937071485;2;axe_xx1_0,axe_yy1_0,axe_xx1_1,axe_yy1_1;32;axe_xx2_0,axe_yy2_0,axe_xx2_1,axe_yy2_1;80;F:1, C:1, X:1, Y:2, X:2, Y:8, W:3, H:3, X:272, Y:9, C:3, F:32, ;319.40654730796814
62;0;Yolo9000_00;59.729406000000004;0.023395649971736317;2;axe_xx1_0,axe_yy1_0,axe_xx1_1,axe_yy1_1;32;axe_xx2_0,axe_yy2_0,axe_xx2_1,axe_yy2_1;80;F:1, C:1, X:2, Y:8, X:1, Y:2, W:3, H:3, X:272, Y:9, C:3, F:32, ;324.0788130760193
63;0;Yolo9000_00;59.761962800000006;0.055268943472442426;2;axe_xx1_0,axe_yy1_0,axe_xx1_1,axe_yy1_1;32;axe_xx2_0,axe_yy2_0,axe_xx2_1,axe_yy2_1;80;F:1, C:1, X:2, Y:2, X:1, Y:8, W:3, H:3, X:272, Y:9, C:3, F:32, ;328.7091546058655
64;0;Yolo9000_00;65.9856884;0.05978383696986861;2;axe_yy1_0,axe_xx1_0,axe_xx1_1,axe_yy1_1;34;axe_yy2_0,axe_xx2_0,axe_xx2_1,axe_yy2_1;68;F:1, C:1, Y:17, X:1, X:2, Y:1, W:3, H:3, X:272, Y:8, C:3, F:32, ;333.5512821674347
65;0;Yolo9000_00;65.6815346;0.03805487349919551;2;axe_yy1_0,axe_xx1_0,axe_xx1_1,axe_yy1_1;34;axe_yy2_0,axe_xx2_0,axe_xx2_1,axe_yy2_1;68;F:1, C:1, Y:1, X:1, X:2, Y:17, W:3, H:3, X:272, Y:8, C:3, F:32, ;338.4327585697174
66;0;Yolo9000_00;65.9809196;0.06368005029081074;2;axe_yy1_0,axe_xx1_0,axe_xx1_1,axe_yy1_1;34;axe_yy2_0,axe_xx2_0,axe_xx2_1,axe_yy2_1;68;F:1, C:1, Y:17, X:2, X:1, Y:1, W:3, H:3, X:272, Y:8, C:3, F:32, ;343.3243827819824
67;0;Yolo9000_00;65.7437713;0.06259534210474142;2;axe_yy1_0,axe_xx1_0,axe_xx1_1,axe_yy1_1;34;axe_yy2_0,axe_xx2_0,axe_xx2_1,axe_yy2_1;68;F:1, C:1, Y:1, X:2, X:1, Y:17, W:3, H:3, X:272, Y:8, C:3, F:32, ;348.1395139694214
68;0;Yolo9000_00;59.4736386;0.058359134791735975;2;axe_yy1_0,axe_xx1_0,axe_xx1_1,axe_yy1_1;40;axe_yy2_0,axe_xx2_0,axe_xx2_1,axe_yy2_1;56;F:1, C:1, Y:4, X:1, X:2, Y:5, W:3, H:3, X:272, Y:9, C:3, F:32, ;352.84801626205444
69;0;Yolo9000_00;59.603340200000005;0.0341615895613765;2;axe_yy1_0,axe_xx1_0,axe_xx1_1,axe_yy1_1;40;axe_yy2_0,axe_xx2_0,axe_xx2_1,axe_yy2_1;56;F:1, C:1, Y:5, X:1, X:2, Y:4, W:3, H:3, X:272, Y:9, C:3, F:32, ;357.49773716926575
70;0;Yolo9000_00;59.43701370000001;0.04151926120501082;2;axe_yy1_0,axe_xx1_0,axe_xx1_1,axe_yy1_1;40;axe_yy2_0,axe_xx2_0,axe_xx2_1,axe_yy2_1;56;F:1, C:1, Y:4, X:2, X:1, Y:5, W:3, H:3, X:272, Y:9, C:3, F:32, ;362.1527533531189
71;0;Yolo9000_00;59.48669739999999;0.05152904442389935;2;axe_yy1_0,axe_xx1_0,axe_xx1_1,axe_yy1_1;40;axe_yy2_0,axe_xx2_0,axe_xx2_1,axe_yy2_1;56;F:1, C:1, Y:5, X:2, X:1, Y:4, W:3, H:3, X:272, Y:9, C:3, F:32, ;366.8649809360504
72;0;Yolo9000_00;83.96057809999999;0.06764895873027126;2;axe_yy1_0,axe_xx1_0,axe_xx1_1,axe_yy1_1;64;axe_yy2_0,axe_xx2_0,axe_xx2_1,axe_yy2_1;32;F:1, C:1, Y:16, X:1, X:2, Y:2, W:3, H:3, X:272, Y:10, C:3, F:32, ;372.64715671539307
73;0;Yolo9000_00;83.8940144;0.18405600660461632;2;axe_yy1_0,axe_xx1_0,axe_xx1_1,axe_yy1_1;64;axe_yy2_0,axe_xx2_0,axe_xx2_1,axe_yy2_1;32;F:1, C:1, Y:2, X:1, X:2, Y:16, W:3, H:3, X:272, Y:10, C:3, F:32, ;378.3829207420349
74;0;Yolo9000_00;84.0128661;0.09082661239796545;2;axe_yy1_0,axe_xx1_0,axe_xx1_1,axe_yy1_1;64;axe_yy2_0,axe_xx2_0,axe_xx2_1,axe_yy2_1;32;F:1, C:1, Y:16, X:2, X:1, Y:2, W:3, H:3, X:272, Y:10, C:3, F:32, ;384.1634452342987
75;0;Yolo9000_00;83.98012779999999;0.1339664205805295;2;axe_yy1_0,axe_xx1_0,axe_xx1_1,axe_yy1_1;64;axe_yy2_0,axe_xx2_0,axe_xx2_1,axe_yy2_1;32;F:1, C:1, Y:2, X:2, X:1, Y:16, W:3, H:3, X:272, Y:10, C:3, F:32, ;389.93866181373596
76;0;Yolo9000_00;59.638853100000006;0.06279793228833162;2;axe_yy1_0,axe_xx1_0,axe_xx1_1,axe_yy1_1;88;axe_yy2_0,axe_xx2_0,axe_xx2_1,axe_yy2_1;8;F:1, C:1, Y:4, X:1, X:2, Y:11, W:3, H:3, X:272, Y:11, C:3, F:32, ;394.76799607276917
77;0;Yolo9000_00;59.7390532;0.05358426938533201;2;axe_yy1_0,axe_xx1_0,axe_xx1_1,axe_yy1_1;88;axe_yy2_0,axe_xx2_0,axe_xx2_1,axe_yy2_1;8;F:1, C:1, Y:11, X:1, X:2, Y:4, W:3, H:3, X:272, Y:11, C:3, F:32, ;399.6601912975311
78;0;Yolo9000_00;59.70407719999999;0.09165364389133736;2;axe_yy1_0,axe_xx1_0,axe_xx1_1,axe_yy1_1;88;axe_yy2_0,axe_xx2_0,axe_xx2_1,axe_yy2_1;8;F:1, C:1, Y:4, X:2, X:1, Y:11, W:3, H:3, X:272, Y:11, C:3, F:32, ;404.4889872074127
79;0;Yolo9000_00;59.80625890000001;0.04649768557562779;2;axe_yy1_0,axe_xx1_0,axe_xx1_1,axe_yy1_1;88;axe_yy2_0,axe_xx2_0,axe_xx2_1,axe_yy2_1;8;F:1, C:1, Y:11, X:2, X:1, Y:4, W:3, H:3, X:272, Y:11, C:3, F:32, ;409.3159453868866
80;0;Yolo9000_00;76.5944047;0.09328930753633784;2;axe_xx1_0,axe_yy1_0,axe_yy1_1,axe_yy1_2,axe_xx1_1,axe_out_channels1_0;32;axe_xx2_0,axe_yy2_0,axe_yy2_1,axe_yy2_2,axe_xx2_1,axe_out_channels2_0;80;C:1, X:1, Y:1, Y:8, Y:2, X:1, F:2, W:3, H:3, X:544, Y:9, C:3, F:16, ;414.3726146221161
81;0;Yolo9000_00;76.53701450000001;0.17687530755775213;2;axe_xx1_0,axe_yy1_0,axe_yy1_1,axe_yy1_2,axe_xx1_1,axe_out_channels1_0;32;axe_xx2_0,axe_yy2_0,axe_yy2_1,axe_yy2_2,axe_xx2_1,axe_out_channels2_0;80;C:1, X:1, Y:1, Y:2, Y:8, X:1, F:2, W:3, H:3, X:544, Y:9, C:3, F:16, ;419.36607241630554
82;0;Yolo9000_00;76.6582495;0.15115145421414142;2;axe_xx1_0,axe_yy1_0,axe_yy1_1,axe_yy1_2,axe_xx1_1,axe_out_channels1_0;32;axe_xx2_0,axe_yy2_0,axe_yy2_1,axe_yy2_2,axe_xx2_1,axe_out_channels2_0;80;C:1, X:1, Y:2, Y:1, Y:8, X:1, F:2, W:3, H:3, X:544, Y:9, C:3, F:16, ;424.40592861175537
83;0;Yolo9000_00;76.683045;0.14449823510617707;2;axe_xx1_0,axe_yy1_0,axe_yy1_1,axe_yy1_2,axe_xx1_1,axe_out_channels1_0;32;axe_xx2_0,axe_yy2_0,axe_yy2_1,axe_yy2_2,axe_xx2_1,axe_out_channels2_0;80;C:1, X:1, Y:2, Y:4, Y:2, X:1, F:2, W:3, H:3, X:544, Y:9, C:3, F:16, ;429.46389603614807
84;0;Yolo9000_00;76.68454890000001;0.12802501972540806;2;axe_xx1_0,axe_yy1_0,axe_yy1_1,axe_yy1_2,axe_xx1_1,axe_out_channels1_0;32;axe_xx2_0,axe_yy2_0,axe_yy2_1,axe_yy2_2,axe_xx2_1,axe_out_channels2_0;80;C:1, X:1, Y:2, Y:2, Y:4, X:1, F:2, W:3, H:3, X:544, Y:9, C:3, F:16, ;434.4532015323639
85;0;Yolo9000_00;76.6887527;0.09644490182487614;2;axe_xx1_0,axe_yy1_0,axe_yy1_1,axe_yy1_2,axe_xx1_1,axe_out_channels1_0;32;axe_xx2_0,axe_yy2_0,axe_yy2_1,axe_yy2_2,axe_xx2_1,axe_out_channels2_0;80;C:1, X:1, Y:2, Y:2, Y:4, X:1, F:2, W:3, H:3, X:544, Y:9, C:3, F:16, ;439.4486744403839
86;0;Yolo9000_00;76.7493919;0.1145072300943924;2;axe_xx1_0,axe_yy1_0,axe_yy1_1,axe_yy1_2,axe_xx1_1,axe_out_channels1_0;32;axe_xx2_0,axe_yy2_0,axe_yy2_1,axe_yy2_2,axe_xx2_1,axe_out_channels2_0;80;C:1, X:1, Y:4, Y:2, Y:2, X:1, F:2, W:3, H:3, X:544, Y:9, C:3, F:16, ;444.45539712905884
87;0;Yolo9000_00;76.6119289;0.18427482680575297;2;axe_xx1_0,axe_yy1_0,axe_yy1_1,axe_yy1_2,axe_xx1_1,axe_out_channels1_0;32;axe_xx2_0,axe_yy2_0,axe_yy2_1,axe_yy2_2,axe_xx2_1,axe_out_channels2_0;80;C:1, X:1, Y:4, Y:2, Y:2, X:1, F:2, W:3, H:3, X:544, Y:9, C:3, F:16, ;449.4629633426666
88;0;Yolo9000_00;76.7959026;0.20650695171891925;2;axe_xx1_0,axe_yy1_0,axe_yy1_1,axe_yy1_2,axe_xx1_1,axe_out_channels1_0;32;axe_xx2_0,axe_yy2_0,axe_yy2_1,axe_yy2_2,axe_xx2_1,axe_out_channels2_0;80;C:1, X:1, Y:2, Y:4, Y:2, X:1, F:2, W:3, H:3, X:544, Y:9, C:3, F:16, ;454.48084330558777
89;0;Yolo9000_00;76.8442165;0.12923634546771767;2;axe_xx1_0,axe_yy1_0,axe_yy1_1,axe_yy1_2,axe_xx1_1,axe_out_channels1_0;32;axe_xx2_0,axe_yy2_0,axe_yy2_1,axe_yy2_2,axe_xx2_1,axe_out_channels2_0;80;C:1, X:1, Y:8, Y:1, Y:2, X:1, F:2, W:3, H:3, X:544, Y:9, C:3, F:16, ;459.5095353126526
90;0;Yolo9000_00;76.6603954;0.14074317134070796;2;axe_xx1_0,axe_yy1_0,axe_yy1_1,axe_yy1_2,axe_xx1_1,axe_out_channels1_0;32;axe_xx2_0,axe_yy2_0,axe_yy2_1,axe_yy2_2,axe_xx2_1,axe_out_channels2_0;80;C:1, X:1, Y:8, Y:2, Y:1, X:1, F:2, W:3, H:3, X:544, Y:9, C:3, F:16, ;464.53309178352356
91;0;Yolo9000_00;76.86264680000001;0.2134601214488543;2;axe_xx1_0,axe_yy1_0,axe_yy1_1,axe_yy1_2,axe_xx1_1,axe_out_channels1_0;32;axe_xx2_0,axe_yy2_0,axe_yy2_1,axe_yy2_2,axe_xx2_1,axe_out_channels2_0;80;C:1, X:1, Y:2, Y:8, Y:1, X:1, F:2, W:3, H:3, X:544, Y:9, C:3, F:16, ;469.560795545578
92;0;Yolo9000_00;64.405359;0.1468517895328469;2;axe_yy1_0,axe_xx1_0,axe_xx1_1,axe_yy1_1;32;axe_yy2_0,axe_xx2_0,axe_xx2_1,axe_yy2_1;48;F:1, C:1, Y:8, X:1, X:2, Y:2, W:3, H:3, X:272, Y:13, C:3, F:32, ;474.64253759384155
93;0;Yolo9000_00;64.1474721;0.11587333127726218;2;axe_yy1_0,axe_xx1_0,axe_xx1_1,axe_yy1_1;32;axe_yy2_0,axe_xx2_0,axe_xx2_1,axe_yy2_1;48;F:1, C:1, Y:2, X:1, X:2, Y:8, W:3, H:3, X:272, Y:13, C:3, F:32, ;479.7661461830139
94;0;Yolo9000_00;64.4171651;0.1696296165328739;2;axe_yy1_0,axe_xx1_0,axe_xx1_1,axe_yy1_1;32;axe_yy2_0,axe_xx2_0,axe_xx2_1,axe_yy2_1;48;F:1, C:1, Y:8, X:2, X:1, Y:2, W:3, H:3, X:272, Y:13, C:3, F:32, ;484.897971868515
95;0;Yolo9000_00;64.1051217;0.13620018345879656;2;axe_yy1_0,axe_xx1_0,axe_xx1_1,axe_yy1_1;32;axe_yy2_0,axe_xx2_0,axe_xx2_1,axe_yy2_1;48;F:1, C:1, Y:2, X:2, X:1, Y:8, W:3, H:3, X:272, Y:13, C:3, F:32, ;490.02110719680786
96;0;Yolo9000_00;87.90903549999999;0.1530459530743971;2;axe_yy1_0,axe_xx1_0,axe_xx1_1,axe_yy1_1;96;axe_yy2_0,axe_xx2_0,axe_xx2_1,axe_yy2_1;32;F:1, C:1, Y:16, X:1, X:2, Y:3, W:3, H:3, X:272, Y:8, C:3, F:32, ;495.66526222229004
97;0;Yolo9000_00;87.52293879999999;0.0848276650825674;2;axe_yy1_0,axe_xx1_0,axe_xx1_1,axe_yy1_1;96;axe_yy2_0,axe_xx2_0,axe_xx2_1,axe_yy2_1;32;F:1, C:1, Y:3, X:1, X:2, Y:16, W:3, H:3, X:272, Y:8, C:3, F:32, ;501.4002742767334
98;0;Yolo9000_00;87.7340131;0.1295051867181007;2;axe_yy1_0,axe_xx1_0,axe_xx1_1,axe_yy1_1;96;axe_yy2_0,axe_xx2_0,axe_xx2_1,axe_yy2_1;32;F:1, C:1, Y:16, X:2, X:1, Y:3, W:3, H:3, X:272, Y:8, C:3, F:32, ;507.14668893814087
99;0;Yolo9000_00;87.4820005;0.0964644417526443;2;axe_yy1_0,axe_xx1_0,axe_xx1_1,axe_yy1_1;96;axe_yy2_0,axe_xx2_0,axe_xx2_1,axe_yy2_1;32;F:1, C:1, Y:3, X:2, X:1, Y:16, W:3, H:3, X:272, Y:8, C:3, F:32, ;512.8209853172302
100;0;Yolo9000_00;63.5203514;0.06739554667216521;2;axe_xx1_0,axe_yy1_0,axe_yy1_1,axe_yy1_2,axe_xx1_1,axe_out_channels1_0;64;axe_xx2_0,axe_yy2_0,axe_yy2_1,axe_yy2_2,axe_xx2_1,axe_out_channels2_0;96;C:1, X:1, Y:1, Y:8, Y:2, X:2, F:2, W:3, H:3, X:272, Y:13, C:3, F:16, ;517.8987863063812
101;0;Yolo9000_00;63.515815499999995;0.08462067880754645;2;axe_xx1_0,axe_yy1_0,axe_yy1_1,axe_yy1_2,axe_xx1_1,axe_out_channels1_0;64;axe_xx2_0,axe_yy2_0,axe_yy2_1,axe_yy2_2,axe_xx2_1,axe_out_channels2_0;96;C:1, X:1, Y:1, Y:2, Y:8, X:2, F:2, W:3, H:3, X:272, Y:13, C:3, F:16, ;522.9668176174164
102;0;Yolo9000_00;63.46330389999999;0.07738695192918395;2;axe_xx1_0,axe_yy1_0,axe_yy1_1,axe_yy1_2,axe_xx1_1,axe_out_channels1_0;64;axe_xx2_0,axe_yy2_0,axe_yy2_1,axe_yy2_2,axe_xx2_1,axe_out_channels2_0;96;C:1, X:1, Y:2, Y:1, Y:8, X:2, F:2, W:3, H:3, X:272, Y:13, C:3, F:16, ;528.0938756465912
103;0;Yolo9000_00;63.5503399;0.038130521694438306;2;axe_xx1_0,axe_yy1_0,axe_yy1_1,axe_yy1_2,axe_xx1_1,axe_out_channels1_0;64;axe_xx2_0,axe_yy2_0,axe_yy2_1,axe_yy2_2,axe_xx2_1,axe_out_channels2_0;96;C:1, X:1, Y:2, Y:4, Y:2, X:2, F:2, W:3, H:3, X:272, Y:13, C:3, F:16, ;533.163343667984
104;0;Yolo9000_00;63.4758193;0.07501884123745114;2;axe_xx1_0,axe_yy1_0,axe_yy1_1,axe_yy1_2,axe_xx1_1,axe_out_channels1_0;64;axe_xx2_0,axe_yy2_0,axe_yy2_1,axe_yy2_2,axe_xx2_1,axe_out_channels2_0;96;C:1, X:1, Y:2, Y:2, Y:4, X:2, F:2, W:3, H:3, X:272, Y:13, C:3, F:16, ;538.2990646362305
105;0;Yolo9000_00;63.5103398;0.048898699990491054;2;axe_xx1_0,axe_yy1_0,axe_yy1_1,axe_yy1_2,axe_xx1_1,axe_out_channels1_0;64;axe_xx2_0,axe_yy2_0,axe_yy2_1,axe_yy2_2,axe_xx2_1,axe_out_channels2_0;96;C:1, X:1, Y:2, Y:2, Y:4, X:2, F:2, W:3, H:3, X:272, Y:13, C:3, F:16, ;543.3565726280212
106;0;Yolo9000_00;63.4756129;0.049654211054956175;2;axe_xx1_0,axe_yy1_0,axe_yy1_1,axe_yy1_2,axe_xx1_1,axe_out_channels1_0;64;axe_xx2_0,axe_yy2_0,axe_yy2_1,axe_yy2_2,axe_xx2_1,axe_out_channels2_0;96;C:1, X:1, Y:4, Y:2, Y:2, X:2, F:2, W:3, H:3, X:272, Y:13, C:3, F:16, ;548.4344334602356
107;0;Yolo9000_00;63.543093899999995;0.08617795301984041;2;axe_xx1_0,axe_yy1_0,axe_yy1_1,axe_yy1_2,axe_xx1_1,axe_out_channels1_0;64;axe_xx2_0,axe_yy2_0,axe_yy2_1,axe_yy2_2,axe_xx2_1,axe_out_channels2_0;96;C:1, X:1, Y:4, Y:2, Y:2, X:2, F:2, W:3, H:3, X:272, Y:13, C:3, F:16, ;553.497151851654
108;0;Yolo9000_00;63.534917699999994;0.08886217853850914;2;axe_xx1_0,axe_yy1_0,axe_yy1_1,axe_yy1_2,axe_xx1_1,axe_out_channels1_0;64;axe_xx2_0,axe_yy2_0,axe_yy2_1,axe_yy2_2,axe_xx2_1,axe_out_channels2_0;96;C:1, X:1, Y:2, Y:4, Y:2, X:2, F:2, W:3, H:3, X:272, Y:13, C:3, F:16, ;558.5751254558563
109;0;Yolo9000_00;63.526468699999995;0.04167822227027069;2;axe_xx1_0,axe_yy1_0,axe_yy1_1,axe_yy1_2,axe_xx1_1,axe_out_channels1_0;64;axe_xx2_0,axe_yy2_0,axe_yy2_1,axe_yy2_2,axe_xx2_1,axe_out_channels2_0;96;C:1, X:1, Y:8, Y:1, Y:2, X:2, F:2, W:3, H:3, X:272, Y:13, C:3, F:16, ;563.6477336883545
110;0;Yolo9000_00;63.4890942;0.05629661529221887;2;axe_xx1_0,axe_yy1_0,axe_yy1_1,axe_yy1_2,axe_xx1_1,axe_out_channels1_0;64;axe_xx2_0,axe_yy2_0,axe_yy2_1,axe_yy2_2,axe_xx2_1,axe_out_channels2_0;96;C:1, X:1, Y:8, Y:2, Y:1, X:2, F:2, W:3, H:3, X:272, Y:13, C:3, F:16, ;568.7235372066498
111;0;Yolo9000_00;63.56444009999999;0.07953183316188668;2;axe_xx1_0,axe_yy1_0,axe_yy1_1,axe_yy1_2,axe_xx1_1,axe_out_channels1_0;64;axe_xx2_0,axe_yy2_0,axe_yy2_1,axe_yy2_2,axe_xx2_1,axe_out_channels2_0;96;C:1, X:1, Y:2, Y:8, Y:1, X:2, F:2, W:3, H:3, X:272, Y:13, C:3, F:16, ;573.8538558483124
112;0;Yolo9000_00;63.1558857;0.08650019653393787;2;axe_xx1_0,axe_yy1_0,axe_yy1_1,axe_yy1_2,axe_xx1_1,axe_out_channels1_0;64;axe_xx2_0,axe_yy2_0,axe_yy2_1,axe_yy2_2,axe_xx2_1,axe_out_channels2_0;96;C:1, X:2, Y:1, Y:8, Y:2, X:1, F:2, W:3, H:3, X:272, Y:13, C:3, F:16, ;578.960086107254
113;0;Yolo9000_00;63.13334779999999;0.0967390451718432;2;axe_xx1_0,axe_yy1_0,axe_yy1_1,axe_yy1_2,axe_xx1_1,axe_out_channels1_0;64;axe_xx2_0,axe_yy2_0,axe_yy2_1,axe_yy2_2,axe_xx2_1,axe_out_channels2_0;96;C:1, X:2, Y:1, Y:2, Y:8, X:1, F:2, W:3, H:3, X:272, Y:13, C:3, F:16, ;584.0026545524597
114;0;Yolo9000_00;63.133000499999994;0.11623144222734993;2;axe_xx1_0,axe_yy1_0,axe_yy1_1,axe_yy1_2,axe_xx1_1,axe_out_channels1_0;64;axe_xx2_0,axe_yy2_0,axe_yy2_1,axe_yy2_2,axe_xx2_1,axe_out_channels2_0;96;C:1, X:2, Y:2, Y:1, Y:8, X:1, F:2, W:3, H:3, X:272, Y:13, C:3, F:16, ;589.1138377189636
115;0;Yolo9000_00;63.077906600000006;0.10476100432622956;2;axe_xx1_0,axe_yy1_0,axe_yy1_1,axe_yy1_2,axe_xx1_1,axe_out_channels1_0;64;axe_xx2_0,axe_yy2_0,axe_yy2_1,axe_yy2_2,axe_xx2_1,axe_out_channels2_0;96;C:1, X:2, Y:2, Y:4, Y:2, X:1, F:2, W:3, H:3, X:272, Y:13, C:3, F:16, ;594.2154588699341
116;0;Yolo9000_00;63.0655326;0.09833451609501062;2;axe_xx1_0,axe_yy1_0,axe_yy1_1,axe_yy1_2,axe_xx1_1,axe_out_channels1_0;64;axe_xx2_0,axe_yy2_0,axe_yy2_1,axe_yy2_2,axe_xx2_1,axe_out_channels2_0;96;C:1, X:2, Y:2, Y:2, Y:4, X:1, F:2, W:3, H:3, X:272, Y:13, C:3, F:16, ;599.3003914356232
117;0;Yolo9000_00;63.0383285;0.13116045580147145;2;axe_xx1_0,axe_yy1_0,axe_yy1_1,axe_yy1_2,axe_xx1_1,axe_out_channels1_0;64;axe_xx2_0,axe_yy2_0,axe_yy2_1,axe_yy2_2,axe_xx2_1,axe_out_channels2_0;96;C:1, X:2, Y:2, Y:2, Y:4, X:1, F:2, W:3, H:3, X:272, Y:13, C:3, F:16, ;604.3492712974548
118;0;Yolo9000_00;63.1794629;0.0851432216191633;2;axe_xx1_0,axe_yy1_0,axe_yy1_1,axe_yy1_2,axe_xx1_1,axe_out_channels1_0;64;axe_xx2_0,axe_yy2_0,axe_yy2_1,axe_yy2_2,axe_xx2_1,axe_out_channels2_0;96;C:1, X:2, Y:4, Y:2, Y:2, X:1, F:2, W:3, H:3, X:272, Y:13, C:3, F:16, ;609.3408601284027
119;0;Yolo9000_00;63.133925399999995;0.07204166098612626;2;axe_xx1_0,axe_yy1_0,axe_yy1_1,axe_yy1_2,axe_xx1_1,axe_out_channels1_0;64;axe_xx2_0,axe_yy2_0,axe_yy2_1,axe_yy2_2,axe_xx2_1,axe_out_channels2_0;96;C:1, X:2, Y:4, Y:2, Y:2, X:1, F:2, W:3, H:3, X:272, Y:13, C:3, F:16, ;614.3974900245667
120;0;Yolo9000_00;63.086947599999995;0.12031982278593928;2;axe_xx1_0,axe_yy1_0,axe_yy1_1,axe_yy1_2,axe_xx1_1,axe_out_channels1_0;64;axe_xx2_0,axe_yy2_0,axe_yy2_1,axe_yy2_2,axe_xx2_1,axe_out_channels2_0;96;C:1, X:2, Y:2, Y:4, Y:2, X:1, F:2, W:3, H:3, X:272, Y:13, C:3, F:16, ;619.4984622001648
121;0;Yolo9000_00;63.11229049999999;0.09050664817266052;2;axe_xx1_0,axe_yy1_0,axe_yy1_1,axe_yy1_2,axe_xx1_1,axe_out_channels1_0;64;axe_xx2_0,axe_yy2_0,axe_yy2_1,axe_yy2_2,axe_xx2_1,axe_out_channels2_0;96;C:1, X:2, Y:8, Y:1, Y:2, X:1, F:2, W:3, H:3, X:272, Y:13, C:3, F:16, ;624.5594737529755
122;0;Yolo9000_00;63.19429120000001;0.09268344911665785;2;axe_xx1_0,axe_yy1_0,axe_yy1_1,axe_yy1_2,axe_xx1_1,axe_out_channels1_0;64;axe_xx2_0,axe_yy2_0,axe_yy2_1,axe_yy2_2,axe_xx2_1,axe_out_channels2_0;96;C:1, X:2, Y:8, Y:2, Y:1, X:1, F:2, W:3, H:3, X:272, Y:13, C:3, F:16, ;629.6185710430145
123;0;Yolo9000_00;63.1200149;0.12840490570647908;2;axe_xx1_0,axe_yy1_0,axe_yy1_1,axe_yy1_2,axe_xx1_1,axe_out_channels1_0;64;axe_xx2_0,axe_yy2_0,axe_yy2_1,axe_yy2_2,axe_xx2_1,axe_out_channels2_0;96;C:1, X:2, Y:2, Y:8, Y:1, X:1, F:2, W:3, H:3, X:272, Y:13, C:3, F:16, ;634.7325761318207
124;0;Yolo9000_00;84.36477920000002;0.3916427848968515;2;axe_yy1_0,axe_xx1_0,axe_xx1_1,axe_yy1_1;32;axe_yy2_0,axe_xx2_0,axe_xx2_1,axe_yy2_1;64;F:1, C:1, Y:16, X:1, X:2, Y:1, W:3, H:3, X:272, Y:8, C:3, F:32, ;640.4682323932648
125;0;Yolo9000_00;83.83956409999999;0.21241098197477545;2;axe_yy1_0,axe_xx1_0,axe_xx1_1,axe_yy1_1;32;axe_yy2_0,axe_xx2_0,axe_xx2_1,axe_yy2_1;64;F:1, C:1, Y:1, X:1, X:2, Y:16, W:3, H:3, X:272, Y:8, C:3, F:32, ;646.1772930622101
126;0;Yolo9000_00;85.3236138;0.30912392293732105;2;axe_yy1_0,axe_xx1_0,axe_xx1_1,axe_yy1_1;32;axe_yy2_0,axe_xx2_0,axe_xx2_1,axe_yy2_1;64;F:1, C:1, Y:16, X:2, X:1, Y:1, W:3, H:3, X:272, Y:8, C:3, F:32, ;651.8708593845367
127;0;Yolo9000_00;83.664772;0.15857114314338192;2;axe_yy1_0,axe_xx1_0,axe_xx1_1,axe_yy1_1;32;axe_yy2_0,axe_xx2_0,axe_xx2_1,axe_yy2_1;64;F:1, C:1, Y:1, X:2, X:1, Y:16, W:3, H:3, X:272, Y:8, C:3, F:32, ;657.5153615474701
128;0;Yolo9000_00;53.591375199999995;0.05136222284481171;2;axe_yy1_0,axe_xx1_0,axe_xx1_1,axe_yy1_1;68;axe_yy2_0,axe_xx2_0,axe_xx2_1,axe_yy2_1;34;F:1, C:1, Y:17, X:1, X:2, Y:2, W:3, H:3, X:272, Y:9, C:3, F:32, ;661.9980781078339
129;0;Yolo9000_00;52.9650032;0.06658495728435872;2;axe_yy1_0,axe_xx1_0,axe_xx1_1,axe_yy1_1;68;axe_yy2_0,axe_xx2_0,axe_xx2_1,axe_yy2_1;34;F:1, C:1, Y:2, X:1, X:2, Y:17, W:3, H:3, X:272, Y:9, C:3, F:32, ;666.44455909729
130;0;Yolo9000_00;53.59958400000001;0.04810736094403798;2;axe_yy1_0,axe_xx1_0,axe_xx1_1,axe_yy1_1;68;axe_yy2_0,axe_xx2_0,axe_xx2_1,axe_yy2_1;34;F:1, C:1, Y:17, X:2, X:1, Y:2, W:3, H:3, X:272, Y:9, C:3, F:32, ;670.9207661151886
131;0;Yolo9000_00;52.977665200000004;0.05258551041836565;2;axe_yy1_0,axe_xx1_0,axe_xx1_1,axe_yy1_1;68;axe_yy2_0,axe_xx2_0,axe_xx2_1,axe_yy2_1;34;F:1, C:1, Y:2, X:2, X:1, Y:17, W:3, H:3, X:272, Y:9, C:3, F:32, ;675.385235786438
132;0;Yolo9000_00;87.8328439;0.18393497012990734;2;axe_xx1_0,axe_yy1_0,axe_yy1_1,axe_yy1_2,axe_xx1_1,axe_out_channels1_0;32;axe_xx2_0,axe_yy2_0,axe_yy2_1,axe_yy2_2,axe_xx2_1,axe_out_channels2_0;128;C:1, X:1, Y:1, Y:8, Y:1, X:2, F:2, W:3, H:3, X:272, Y:12, C:3, F:16, ;681.3971190452576
133;0;Yolo9000_00;87.98743520000001;0.15788327372701508;2;axe_xx1_0,axe_yy1_0,axe_yy1_1,axe_yy1_2,axe_xx1_1,axe_out_channels1_0;32;axe_xx2_0,axe_yy2_0,axe_yy2_1,axe_yy2_2,axe_xx2_1,axe_out_channels2_0;128;C:1, X:1, Y:1, Y:1, Y:8, X:2, F:2, W:3, H:3, X:272, Y:12, C:3, F:16, ;687.4176795482635
134;0;Yolo9000_00;88.05284320000001;0.14649770669932083;2;axe_xx1_0,axe_yy1_0,axe_yy1_1,axe_yy1_2,axe_xx1_1,axe_out_channels1_0;32;axe_xx2_0,axe_yy2_0,axe_yy2_1,axe_yy2_2,axe_xx2_1,axe_out_channels2_0;128;C:1, X:1, Y:1, Y:1, Y:8, X:2, F:2, W:3, H:3, X:272, Y:12, C:3, F:16, ;693.4349544048309
135;0;Yolo9000_00;87.9653283;0.14568271705871472;2;axe_xx1_0,axe_yy1_0,axe_yy1_1,axe_yy1_2,axe_xx1_1,axe_out_channels1_0;32;axe_xx2_0,axe_yy2_0,axe_yy2_1,axe_yy2_2,axe_xx2_1,axe_out_channels2_0;128;C:1, X:1, Y:2, Y:4, Y:1, X:2, F:2, W:3, H:3, X:272, Y:12, C:3, F:16, ;699.4457511901855
136;0;Yolo9000_00;88.0274047;0.17797097057219644;2;axe_xx1_0,axe_yy1_0,axe_yy1_1,axe_yy1_2,axe_xx1_1,axe_out_channels1_0;32;axe_xx2_0,axe_yy2_0,axe_yy2_1,axe_yy2_2,axe_xx2_1,axe_out_channels2_0;128;C:1, X:1, Y:2, Y:1, Y:4, X:2, F:2, W:3, H:3, X:272, Y:12, C:3, F:16, ;705.4557688236237
137;0;Yolo9000_00;87.88284809999999;0.14753402976428923;2;axe_xx1_0,axe_yy1_0,axe_yy1_1,axe_yy1_2,axe_xx1_1,axe_out_channels1_0;32;axe_xx2_0,axe_yy2_0,axe_yy2_1,axe_yy2_2,axe_xx2_1,axe_out_channels2_0;128;C:1, X:1, Y:1, Y:2, Y:4, X:2, F:2, W:3, H:3, X:272, Y:12, C:3, F:16, ;711.4648008346558
138;0;Yolo9000_00;87.9798199;0.08562307536925769;2;axe_xx1_0,axe_yy1_0,axe_yy1_1,axe_yy1_2,axe_xx1_1,axe_out_channels1_0;32;axe_xx2_0,axe_yy2_0,axe_yy2_1,axe_yy2_2,axe_xx2_1,axe_out_channels2_0;128;C:1, X:1, Y:4, Y:2, Y:1, X:2, F:2, W:3, H:3, X:272, Y:12, C:3, F:16, ;717.4692714214325
139;0;Yolo9000_00;88.02367749999999;0.19205535292422776;2;axe_xx1_0,axe_yy1_0,axe_yy1_1,axe_yy1_2,axe_xx1_1,axe_out_channels1_0;32;axe_xx2_0,axe_yy2_0,axe_yy2_1,axe_yy2_2,axe_xx2_1,axe_out_channels2_0;128;C:1, X:1, Y:4, Y:1, Y:2, X:2, F:2, W:3, H:3, X:272, Y:12, C:3, F:16, ;723.4836392402649
140;0;Yolo9000_00;87.96951019999999;0.2023633553797712;2;axe_xx1_0,axe_yy1_0,axe_yy1_1,axe_yy1_2,axe_xx1_1,axe_out_channels1_0;32;axe_xx2_0,axe_yy2_0,axe_yy2_1,axe_yy2_2,axe_xx2_1,axe_out_channels2_0;128;C:1, X:1, Y:1, Y:4, Y:2, X:2, F:2, W:3, H:3, X:272, Y:12, C:3, F:16, ;729.4889299869537
141;0;Yolo9000_00;87.8716475;0.16767268529742482;2;axe_xx1_0,axe_yy1_0,axe_yy1_1,axe_yy1_2,axe_xx1_1,axe_out_channels1_0;32;axe_xx2_0,axe_yy2_0,axe_yy2_1,axe_yy2_2,axe_xx2_1,axe_out_channels2_0;128;C:1, X:1, Y:8, Y:1, Y:1, X:2, F:2, W:3, H:3, X:272, Y:12, C:3, F:16, ;735.5027878284454
142;0;Yolo9000_00;88.00228030000001;0.08909773582650855;2;axe_xx1_0,axe_yy1_0,axe_yy1_1,axe_yy1_2,axe_xx1_1,axe_out_channels1_0;32;axe_xx2_0,axe_yy2_0,axe_yy2_1,axe_yy2_2,axe_xx2_1,axe_out_channels2_0;128;C:1, X:1, Y:8, Y:1, Y:1, X:2, F:2, W:3, H:3, X:272, Y:12, C:3, F:16, ;741.5185244083405
143;0;Yolo9000_00;87.9908075;0.14639904878191717;2;axe_xx1_0,axe_yy1_0,axe_yy1_1,axe_yy1_2,axe_xx1_1,axe_out_channels1_0;32;axe_xx2_0,axe_yy2_0,axe_yy2_1,axe_yy2_2,axe_xx2_1,axe_out_channels2_0;128;C:1, X:1, Y:1, Y:8, Y:1, X:2, F:2, W:3, H:3, X:272, Y:12, C:3, F:16, ;747.5277075767517
144;0;Yolo9000_00;87.9791;0.17099868794525994;2;axe_xx1_0,axe_yy1_0,axe_yy1_1,axe_yy1_2,axe_xx1_1,axe_out_channels1_0;32;axe_xx2_0,axe_yy2_0,axe_yy2_1,axe_yy2_2,axe_xx2_1,axe_out_channels2_0;128;C:1, X:2, Y:1, Y:8, Y:1, X:1, F:2, W:3, H:3, X:272, Y:12, C:3, F:16, ;753.5428283214569
145;0;Yolo9000_00;87.8072597;0.21423008122999423;2;axe_xx1_0,axe_yy1_0,axe_yy1_1,axe_yy1_2,axe_xx1_1,axe_out_channels1_0;32;axe_xx2_0,axe_yy2_0,axe_yy2_1,axe_yy2_2,axe_xx2_1,axe_out_channels2_0;128;C:1, X:2, Y:1, Y:1, Y:8, X:1, F:2, W:3, H:3, X:272, Y:12, C:3, F:16, ;759.5485973358154
146;0;Yolo9000_00;87.8914409;0.1694042998955199;2;axe_xx1_0,axe_yy1_0,axe_yy1_1,axe_yy1_2,axe_xx1_1,axe_out_channels1_0;32;axe_xx2_0,axe_yy2_0,axe_yy2_1,axe_yy2_2,axe_xx2_1,axe_out_channels2_0;128;C:1, X:2, Y:1, Y:1, Y:8, X:1, F:2, W:3, H:3, X:272, Y:12, C:3, F:16, ;765.5493879318237
147;0;Yolo9000_00;87.7495818;0.21301859613038374;2;axe_xx1_0,axe_yy1_0,axe_yy1_1,axe_yy1_2,axe_xx1_1,axe_out_channels1_0;32;axe_xx2_0,axe_yy2_0,axe_yy2_1,axe_yy2_2,axe_xx2_1,axe_out_channels2_0;128;C:1, X:2, Y:2, Y:4, Y:1, X:1, F:2, W:3, H:3, X:272, Y:12, C:3, F:16, ;771.5517196655273
148;0;Yolo9000_00;88.0314544;0.3144506975025485;2;axe_xx1_0,axe_yy1_0,axe_yy1_1,axe_yy1_2,axe_xx1_1,axe_out_channels1_0;32;axe_xx2_0,axe_yy2_0,axe_yy2_1,axe_yy2_2,axe_xx2_1,axe_out_channels2_0;128;C:1, X:2, Y:2, Y:1, Y:4, X:1, F:2, W:3, H:3, X:272, Y:12, C:3, F:16, ;777.5623049736023
149;0;Yolo9000_00;87.87308090000002;0.18169468796937885;2;axe_xx1_0,axe_yy1_0,axe_yy1_1,axe_yy1_2,axe_xx1_1,axe_out_channels1_0;32;axe_xx2_0,axe_yy2_0,axe_yy2_1,axe_yy2_2,axe_xx2_1,axe_out_channels2_0;128;C:1, X:2, Y:1, Y:2, Y:4, X:1, F:2, W:3, H:3, X:272, Y:12, C:3, F:16, ;783.564935207367
150;0;Yolo9000_00;87.94104899999999;0.2545704045332066;2;axe_xx1_0,axe_yy1_0,axe_yy1_1,axe_yy1_2,axe_xx1_1,axe_out_channels1_0;32;axe_xx2_0,axe_yy2_0,axe_yy2_1,axe_yy2_2,axe_xx2_1,axe_out_channels2_0;128;C:1, X:2, Y:4, Y:2, Y:1, X:1, F:2, W:3, H:3, X:272, Y:12, C:3, F:16, ;789.5662424564362
151;0;Yolo9000_00;87.6963422;0.11008390652207017;2;axe_xx1_0,axe_yy1_0,axe_yy1_1,axe_yy1_2,axe_xx1_1,axe_out_channels1_0;32;axe_xx2_0,axe_yy2_0,axe_yy2_1,axe_yy2_2,axe_xx2_1,axe_out_channels2_0;128;C:1, X:2, Y:4, Y:1, Y:2, X:1, F:2, W:3, H:3, X:272, Y:12, C:3, F:16, ;795.5791835784912
152;0;Yolo9000_00;87.8597875;0.20600825359691194;2;axe_xx1_0,axe_yy1_0,axe_yy1_1,axe_yy1_2,axe_xx1_1,axe_out_channels1_0;32;axe_xx2_0,axe_yy2_0,axe_yy2_1,axe_yy2_2,axe_xx2_1,axe_out_channels2_0;128;C:1, X:2, Y:1, Y:4, Y:2, X:1, F:2, W:3, H:3, X:272, Y:12, C:3, F:16, ;801.532194852829
153;0;Yolo9000_00;87.8639119;0.175085666747709;2;axe_xx1_0,axe_yy1_0,axe_yy1_1,axe_yy1_2,axe_xx1_1,axe_out_channels1_0;32;axe_xx2_0,axe_yy2_0,axe_yy2_1,axe_yy2_2,axe_xx2_1,axe_out_channels2_0;128;C:1, X:2, Y:8, Y:1, Y:1, X:1, F:2, W:3, H:3, X:272, Y:12, C:3, F:16, ;807.5487842559814
154;0;Yolo9000_00;87.7728562;0.1982503058992847;2;axe_xx1_0,axe_yy1_0,axe_yy1_1,axe_yy1_2,axe_xx1_1,axe_out_channels1_0;32;axe_xx2_0,axe_yy2_0,axe_yy2_1,axe_yy2_2,axe_xx2_1,axe_out_channels2_0;128;C:1, X:2, Y:8, Y:1, Y:1, X:1, F:2, W:3, H:3, X:272, Y:12, C:3, F:16, ;813.5607378482819
155;0;Yolo9000_00;87.9473517;0.26001449030584833;2;axe_xx1_0,axe_yy1_0,axe_yy1_1,axe_yy1_2,axe_xx1_1,axe_out_channels1_0;32;axe_xx2_0,axe_yy2_0,axe_yy2_1,axe_yy2_2,axe_xx2_1,axe_out_channels2_0;128;C:1, X:2, Y:1, Y:8, Y:1, X:1, F:2, W:3, H:3, X:272, Y:12, C:3, F:16, ;819.523291349411
156;0;Yolo9000_00;66.8040435;0.0451286063672442;2;axe_xx1_0,axe_yy1_0,axe_yy1_1,axe_yy1_2,axe_xx1_1,axe_out_channels1_0;72;axe_xx2_0,axe_yy2_0,axe_yy2_1,axe_yy2_2,axe_xx2_1,axe_out_channels2_0;40;C:1, X:1, Y:1, Y:4, Y:9, X:1, F:2, W:3, H:3, X:544, Y:9, C:3, F:16, ;824.1735889911652
157;0;Yolo9000_00;66.73587839999998;0.08236073708291024;2;axe_xx1_0,axe_yy1_0,axe_yy1_1,axe_yy1_2,axe_xx1_1,axe_out_channels1_0;72;axe_xx2_0,axe_yy2_0,axe_yy2_1,axe_yy2_2,axe_xx2_1,axe_out_channels2_0;40;C:1, X:1, Y:1, Y:9, Y:4, X:1, F:2, W:3, H:3, X:544, Y:9, C:3, F:16, ;828.8174700737
158;0;Yolo9000_00;66.68514010000001;0.0802159671878991;2;axe_xx1_0,axe_yy1_0,axe_yy1_1,axe_yy1_2,axe_xx1_1,axe_out_channels1_0;72;axe_xx2_0,axe_yy2_0,axe_yy2_1,axe_yy2_2,axe_xx2_1,axe_out_channels2_0;40;C:1, X:1, Y:9, Y:1, Y:4, X:1, F:2, W:3, H:3, X:544, Y:9, C:3, F:16, ;833.4048931598663
159;0;Yolo9000_00;66.69872810000001;0.05531720985814449;2;axe_xx1_0,axe_yy1_0,axe_yy1_1,axe_yy1_2,axe_xx1_1,axe_out_channels1_0;72;axe_xx2_0,axe_yy2_0,axe_yy2_1,axe_yy2_2,axe_xx2_1,axe_out_channels2_0;40;C:1, X:1, Y:2, Y:2, Y:9, X:1, F:2, W:3, H:3, X:544, Y:9, C:3, F:16, ;838.0609250068665
160;0;Yolo9000_00;66.75433729999999;0.06004842795619209;2;axe_xx1_0,axe_yy1_0,axe_yy1_1,axe_yy1_2,axe_xx1_1,axe_out_channels1_0;72;axe_xx2_0,axe_yy2_0,axe_yy2_1,axe_yy2_2,axe_xx2_1,axe_out_channels2_0;40;C:1, X:1, Y:2, Y:9, Y:2, X:1, F:2, W:3, H:3, X:544, Y:9, C:3, F:16, ;842.6655850410461
161;0;Yolo9000_00;66.7775672;0.05698823639453831;2;axe_xx1_0,axe_yy1_0,axe_yy1_1,axe_yy1_2,axe_xx1_1,axe_out_channels1_0;72;axe_xx2_0,axe_yy2_0,axe_yy2_1,axe_yy2_2,axe_xx2_1,axe_out_channels2_0;40;C:1, X:1, Y:9, Y:2, Y:2, X:1, F:2, W:3, H:3, X:544, Y:9, C:3, F:16, ;847.2611532211304
162;0;Yolo9000_00;66.72712680000001;0.07737267546983632;2;axe_xx1_0,axe_yy1_0,axe_yy1_1,axe_yy1_2,axe_xx1_1,axe_out_channels1_0;72;axe_xx2_0,axe_yy2_0,axe_yy2_1,axe_yy2_2,axe_xx2_1,axe_out_channels2_0;40;C:1, X:1, Y:4, Y:1, Y:9, X:1, F:2, W:3, H:3, X:544, Y:9, C:3, F:16, ;851.8843050003052
163;0;Yolo9000_00;66.7681728;0.08296673022700314;2;axe_xx1_0,axe_yy1_0,axe_yy1_1,axe_yy1_2,axe_xx1_1,axe_out_channels1_0;72;axe_xx2_0,axe_yy2_0,axe_yy2_1,axe_yy2_2,axe_xx2_1,axe_out_channels2_0;40;C:1, X:1, Y:4, Y:9, Y:1, X:1, F:2, W:3, H:3, X:544, Y:9, C:3, F:16, ;856.4972233772278
164;0;Yolo9000_00;66.7739496;0.06960945019492341;2;axe_xx1_0,axe_yy1_0,axe_yy1_1,axe_yy1_2,axe_xx1_1,axe_out_channels1_0;72;axe_xx2_0,axe_yy2_0,axe_yy2_1,axe_yy2_2,axe_xx2_1,axe_out_channels2_0;40;C:1, X:1, Y:9, Y:4, Y:1, X:1, F:2, W:3, H:3, X:544, Y:9, C:3, F:16, ;861.0996265411377
165;0;Yolo9000_00;61.1955604;0.03065791818176865;2;axe_yy1_0,axe_xx1_0,axe_xx1_1,axe_yy1_1;56;axe_yy2_0,axe_xx2_0,axe_xx2_1,axe_yy2_1;24;F:1, C:1, Y:4, X:1, X:2, Y:7, W:3, H:3, X:272, Y:13, C:3, F:32, ;866.1853499412537
166;0;Yolo9000_00;61.1899192;0.08764515553845532;2;axe_yy1_0,axe_xx1_0,axe_xx1_1,axe_yy1_1;56;axe_yy2_0,axe_xx2_0,axe_xx2_1,axe_yy2_1;24;F:1, C:1, Y:7, X:1, X:2, Y:4, W:3, H:3, X:272, Y:13, C:3, F:32, ;871.1696670055389
167;0;Yolo9000_00;61.16570420000001;0.029546092103018007;2;axe_yy1_0,axe_xx1_0,axe_xx1_1,axe_yy1_1;56;axe_yy2_0,axe_xx2_0,axe_xx2_1,axe_yy2_1;24;F:1, C:1, Y:4, X:2, X:1, Y:7, W:3, H:3, X:272, Y:13, C:3, F:32, ;876.1899480819702
168;0;Yolo9000_00;61.23097260000001;0.06406977430926404;2;axe_yy1_0,axe_xx1_0,axe_xx1_1,axe_yy1_1;56;axe_yy2_0,axe_xx2_0,axe_xx2_1,axe_yy2_1;24;F:1, C:1, Y:7, X:2, X:1, Y:4, W:3, H:3, X:272, Y:13, C:3, F:32, ;881.2262971401215
169;0;Yolo9000_00;88.70869230000001;0.24622363642146244;2;axe_yy1_0,axe_xx1_0,axe_xx1_1,axe_yy1_1;64;axe_yy2_0,axe_xx2_0,axe_xx2_1,axe_yy2_1;64;F:1, C:1, Y:32, X:1, X:2, Y:1, W:3, H:3, X:272, Y:8, C:3, F:32, ;886.9363253116608
170;0;Yolo9000_00;84.83116050000001;0.1255910945443566;2;axe_yy1_0,axe_xx1_0,axe_xx1_1,axe_yy1_1;64;axe_yy2_0,axe_xx2_0,axe_xx2_1,axe_yy2_1;64;F:1, C:1, Y:1, X:1, X:2, Y:32, W:3, H:3, X:272, Y:8, C:3, F:32, ;892.4338161945343
171;0;Yolo9000_00;88.231526;0.17600332940884947;2;axe_yy1_0,axe_xx1_0,axe_xx1_1,axe_yy1_1;64;axe_yy2_0,axe_xx2_0,axe_xx2_1,axe_yy2_1;64;F:1, C:1, Y:32, X:2, X:1, Y:1, W:3, H:3, X:272, Y:8, C:3, F:32, ;898.0918681621552
172;0;Yolo9000_00;84.695029;0.12950881073116352;2;axe_yy1_0,axe_xx1_0,axe_xx1_1,axe_yy1_1;64;axe_yy2_0,axe_xx2_0,axe_xx2_1,axe_yy2_1;64;F:1, C:1, Y:1, X:2, X:1, Y:32, W:3, H:3, X:272, Y:8, C:3, F:32, ;903.6043152809143
173;0;Yolo9000_00;67.2323199;0.05050900002662516;2;axe_xx1_0,axe_yy1_0,axe_yy1_1,axe_yy1_2,axe_xx1_1,axe_out_channels1_0;96;axe_xx2_0,axe_yy2_0,axe_yy2_1,axe_yy2_2,axe_xx2_1,axe_out_channels2_0;80;C:1, X:1, Y:1, Y:4, Y:6, X:2, F:2, W:3, H:3, X:272, Y:11, C:3, F:16, ;908.7291610240936
174;0;Yolo9000_00;67.26895590000001;0.038128745464415234;2;axe_xx1_0,axe_yy1_0,axe_yy1_1,axe_yy1_2,axe_xx1_1,axe_out_channels1_0;96;axe_xx2_0,axe_yy2_0,axe_yy2_1,axe_yy2_2,axe_xx2_1,axe_out_channels2_0;80;C:1, X:1, Y:1, Y:6, Y:4, X:2, F:2, W:3, H:3, X:272, Y:11, C:3, F:16, ;913.8413031101227
175;0;Yolo9000_00;67.3976582;0.0614118290035432;2;axe_xx1_0,axe_yy1_0,axe_yy1_1,axe_yy1_2,axe_xx1_1,axe_out_channels1_0;96;axe_xx2_0,axe_yy2_0,axe_yy2_1,axe_yy2_2,axe_xx2_1,axe_out_channels2_0;80;C:1, X:1, Y:6, Y:1, Y:4, X:2, F:2, W:3, H:3, X:272, Y:11, C:3, F:16, ;918.9595713615417
176;0;Yolo9000_00;67.35559860000001;0.08386655286250956;2;axe_xx1_0,axe_yy1_0,axe_yy1_1,axe_yy1_2,axe_xx1_1,axe_out_channels1_0;96;axe_xx2_0,axe_yy2_0,axe_yy2_1,axe_yy2_2,axe_xx2_1,axe_out_channels2_0;80;C:1, X:1, Y:2, Y:2, Y:6, X:2, F:2, W:3, H:3, X:272, Y:11, C:3, F:16, ;924.0200114250183
177;0;Yolo9000_00;67.2807447;0.02625640706970349;2;axe_xx1_0,axe_yy1_0,axe_yy1_1,axe_yy1_2,axe_xx1_1,axe_out_channels1_0;96;axe_xx2_0,axe_yy2_0,axe_yy2_1,axe_yy2_2,axe_xx2_1,axe_out_channels2_0;80;C:1, X:1, Y:2, Y:6, Y:2, X:2, F:2, W:3, H:3, X:272, Y:11, C:3, F:16, ;929.1921696662903
178;0;Yolo9000_00;67.3012707;0.04068878452608319;2;axe_xx1_0,axe_yy1_0,axe_yy1_1,axe_yy1_2,axe_xx1_1,axe_out_channels1_0;96;axe_xx2_0,axe_yy2_0,axe_yy2_1,axe_yy2_2,axe_xx2_1,axe_out_channels2_0;80;C:1, X:1, Y:6, Y:2, Y:2, X:2, F:2, W:3, H:3, X:272, Y:11, C:3, F:16, ;934.3156008720398
179;0;Yolo9000_00;67.3543817;0.060511609867941685;2;axe_xx1_0,axe_yy1_0,axe_yy1_1,axe_yy1_2,axe_xx1_1,axe_out_channels1_0;96;axe_xx2_0,axe_yy2_0,axe_yy2_1,axe_yy2_2,axe_xx2_1,axe_out_channels2_0;80;C:1, X:1, Y:4, Y:1, Y:6, X:2, F:2, W:3, H:3, X:272, Y:11, C:3, F:16, ;939.3739347457886
180;0;Yolo9000_00;67.3020108;0.08406026784730047;2;axe_xx1_0,axe_yy1_0,axe_yy1_1,axe_yy1_2,axe_xx1_1,axe_out_channels1_0;96;axe_xx2_0,axe_yy2_0,axe_yy2_1,axe_yy2_2,axe_xx2_1,axe_out_channels2_0;80;C:1, X:1, Y:4, Y:6, Y:1, X:2, F:2, W:3, H:3, X:272, Y:11, C:3, F:16, ;944.492623090744
181;0;Yolo9000_00;67.3856026;0.08477625513927939;2;axe_xx1_0,axe_yy1_0,axe_yy1_1,axe_yy1_2,axe_xx1_1,axe_out_channels1_0;96;axe_xx2_0,axe_yy2_0,axe_yy2_1,axe_yy2_2,axe_xx2_1,axe_out_channels2_0;80;C:1, X:1, Y:6, Y:4, Y:1, X:2, F:2, W:3, H:3, X:272, Y:11, C:3, F:16, ;949.6143753528595
182;0;Yolo9000_00;66.78204769999999;0.06065797379413605;2;axe_xx1_0,axe_yy1_0,axe_yy1_1,axe_yy1_2,axe_xx1_1,axe_out_channels1_0;96;axe_xx2_0,axe_yy2_0,axe_yy2_1,axe_yy2_2,axe_xx2_1,axe_out_channels2_0;80;C:1, X:2, Y:1, Y:4, Y:6, X:1, F:2, W:3, H:3, X:272, Y:11, C:3, F:16, ;954.6636965274811
183;0;Yolo9000_00;66.8305425;0.03596849957740826;2;axe_xx1_0,axe_yy1_0,axe_yy1_1,axe_yy1_2,axe_xx1_1,axe_out_channels1_0;96;axe_xx2_0,axe_yy2_0,axe_yy2_1,axe_yy2_2,axe_xx2_1,axe_out_channels2_0;80;C:1, X:2, Y:1, Y:6, Y:4, X:1, F:2, W:3, H:3, X:272, Y:11, C:3, F:16, ;959.7120995521545
184;0;Yolo9000_00;66.81938449999998;0.05889593380913269;2;axe_xx1_0,axe_yy1_0,axe_yy1_1,axe_yy1_2,axe_xx1_1,axe_out_channels1_0;96;axe_xx2_0,axe_yy2_0,axe_yy2_1,axe_yy2_2,axe_xx2_1,axe_out_channels2_0;80;C:1, X:2, Y:6, Y:1, Y:4, X:1, F:2, W:3, H:3, X:272, Y:11, C:3, F:16, ;964.8641958236694
185;0;Yolo9000_00;66.8866388;0.10190052210346891;2;axe_xx1_0,axe_yy1_0,axe_yy1_1,axe_yy1_2,axe_xx1_1,axe_out_channels1_0;96;axe_xx2_0,axe_yy2_0,axe_yy2_1,axe_yy2_2,axe_xx2_1,axe_out_channels2_0;80;C:1, X:2, Y:2, Y:2, Y:6, X:1, F:2, W:3, H:3, X:272, Y:11, C:3, F:16, ;969.9048683643341
186;0;Yolo9000_00;66.8525814;0.052648308985570505;2;axe_xx1_0,axe_yy1_0,axe_yy1_1,axe_yy1_2,axe_xx1_1,axe_out_channels1_0;96;axe_xx2_0,axe_yy2_0,axe_yy2_1,axe_yy2_2,axe_xx2_1,axe_out_channels2_0;80;C:1, X:2, Y:2, Y:6, Y:2, X:1, F:2, W:3, H:3, X:272, Y:11, C:3, F:16, ;974.9499316215515
187;0;Yolo9000_00;66.8345012;0.06774771464898331;2;axe_xx1_0,axe_yy1_0,axe_yy1_1,axe_yy1_2,axe_xx1_1,axe_out_channels1_0;96;axe_xx2_0,axe_yy2_0,axe_yy2_1,axe_yy2_2,axe_xx2_1,axe_out_channels2_0;80;C:1, X:2, Y:6, Y:2, Y:2, X:1, F:2, W:3, H:3, X:272, Y:11, C:3, F:16, ;980.0569174289703
188;0;Yolo9000_00;66.83003829999998;0.0441333305066609;2;axe_xx1_0,axe_yy1_0,axe_yy1_1,axe_yy1_2,axe_xx1_1,axe_out_channels1_0;96;axe_xx2_0,axe_yy2_0,axe_yy2_1,axe_yy2_2,axe_xx2_1,axe_out_channels2_0;80;C:1, X:2, Y:4, Y:1, Y:6, X:1, F:2, W:3, H:3, X:272, Y:11, C:3, F:16, ;985.1064898967743
189;0;Yolo9000_00;66.8798406;0.0577793303979889;2;axe_xx1_0,axe_yy1_0,axe_yy1_1,axe_yy1_2,axe_xx1_1,axe_out_channels1_0;96;axe_xx2_0,axe_yy2_0,axe_yy2_1,axe_yy2_2,axe_xx2_1,axe_out_channels2_0;80;C:1, X:2, Y:4, Y:6, Y:1, X:1, F:2, W:3, H:3, X:272, Y:11, C:3, F:16, ;990.1723554134369
190;0;Yolo9000_00;66.7862822;0.04699394904410408;2;axe_xx1_0,axe_yy1_0,axe_yy1_1,axe_yy1_2,axe_xx1_1,axe_out_channels1_0;96;axe_xx2_0,axe_yy2_0,axe_yy2_1,axe_yy2_2,axe_xx2_1,axe_out_channels2_0;80;C:1, X:2, Y:6, Y:4, Y:1, X:1, F:2, W:3, H:3, X:272, Y:11, C:3, F:16, ;995.2740428447723
191;0;Yolo9000_00;63.6900653;0.04659182903482208;2;axe_xx1_0,axe_yy1_0,axe_yy1_1,axe_yy1_2,axe_xx1_1,axe_out_channels1_0;112;axe_xx2_0,axe_yy2_0,axe_yy2_1,axe_yy2_2,axe_xx2_1,axe_out_channels2_0;64;C:1, X:1, Y:1, Y:4, Y:7, X:2, F:2, W:3, H:3, X:272, Y:12, C:3, F:16, ;1000.1833066940308
192;0;Yolo9000_00;63.6377847;0.05471989354531229;2;axe_xx1_0,axe_yy1_0,axe_yy1_1,axe_yy1_2,axe_xx1_1,axe_out_channels1_0;112;axe_xx2_0,axe_yy2_0,axe_yy2_1,axe_yy2_2,axe_xx2_1,axe_out_channels2_0;64;C:1, X:1, Y:1, Y:7, Y:4, X:2, F:2, W:3, H:3, X:272, Y:12, C:3, F:16, ;1005.0980377197266
193;0;Yolo9000_00;63.62379870000001;0.014116731335900096;2;axe_xx1_0,axe_yy1_0,axe_yy1_1,axe_yy1_2,axe_xx1_1,axe_out_channels1_0;112;axe_xx2_0,axe_yy2_0,axe_yy2_1,axe_yy2_2,axe_xx2_1,axe_out_channels2_0;64;C:1, X:1, Y:7, Y:1, Y:4, X:2, F:2, W:3, H:3, X:272, Y:12, C:3, F:16, ;1010.0943183898926
194;0;Yolo9000_00;63.654396999999996;0.04476325456889634;2;axe_xx1_0,axe_yy1_0,axe_yy1_1,axe_yy1_2,axe_xx1_1,axe_out_channels1_0;112;axe_xx2_0,axe_yy2_0,axe_yy2_1,axe_yy2_2,axe_xx2_1,axe_out_channels2_0;64;C:1, X:1, Y:2, Y:2, Y:7, X:2, F:2, W:3, H:3, X:272, Y:12, C:3, F:16, ;1014.999988079071
195;0;Yolo9000_00;63.64565500000001;0.03061571126398876;2;axe_xx1_0,axe_yy1_0,axe_yy1_1,axe_yy1_2,axe_xx1_1,axe_out_channels1_0;112;axe_xx2_0,axe_yy2_0,axe_yy2_1,axe_yy2_2,axe_xx2_1,axe_out_channels2_0;64;C:1, X:1, Y:2, Y:7, Y:2, X:2, F:2, W:3, H:3, X:272, Y:12, C:3, F:16, ;1020.0076928138733
196;0;Yolo9000_00;63.612338199999996;0.05953382352209588;2;axe_xx1_0,axe_yy1_0,axe_yy1_1,axe_yy1_2,axe_xx1_1,axe_out_channels1_0;112;axe_xx2_0,axe_yy2_0,axe_yy2_1,axe_yy2_2,axe_xx2_1,axe_out_channels2_0;64;C:1, X:1, Y:7, Y:2, Y:2, X:2, F:2, W:3, H:3, X:272, Y:12, C:3, F:16, ;1024.9660403728485
197;0;Yolo9000_00;63.669264299999995;0.037939471675418765;2;axe_xx1_0,axe_yy1_0,axe_yy1_1,axe_yy1_2,axe_xx1_1,axe_out_channels1_0;112;axe_xx2_0,axe_yy2_0,axe_yy2_1,axe_yy2_2,axe_xx2_1,axe_out_channels2_0;64;C:1, X:1, Y:4, Y:1, Y:7, X:2, F:2, W:3, H:3, X:272, Y:12, C:3, F:16, ;1029.9224197864532
198;0;Yolo9000_00;63.6548283;0.05070581620692121;2;axe_xx1_0,axe_yy1_0,axe_yy1_1,axe_yy1_2,axe_xx1_1,axe_out_channels1_0;112;axe_xx2_0,axe_yy2_0,axe_yy2_1,axe_yy2_2,axe_xx2_1,axe_out_channels2_0;64;C:1, X:1, Y:4, Y:7, Y:1, X:2, F:2, W:3, H:3, X:272, Y:12, C:3, F:16, ;1034.8788375854492
199;0;Yolo9000_00;63.658177;0.03708279348700627;2;axe_xx1_0,axe_yy1_0,axe_yy1_1,axe_yy1_2,axe_xx1_1,axe_out_channels1_0;112;axe_xx2_0,axe_yy2_0,axe_yy2_1,axe_yy2_2,axe_xx2_1,axe_out_channels2_0;64;C:1, X:1, Y:7, Y:4, Y:1, X:2, F:2, W:3, H:3, X:272, Y:12, C:3, F:16, ;1039.8290832042694
