IdRun;MethodParallelization;NameConv;Time(ms);std;NbMicroKernel;AxeFuse1;SizeAxeFuse1;AxeFuse2;SizeAxeFuse2;Schema;Time_search(1.7913286685943604)
0;0;MobilNet_08;1.6864560000000002;0.05685172974853098;1;axe_out_channels1_0,axe_yy1_0;8;;;C:1, F:8, Y:1, C:1, X:7, W:3, H:3, X:1, Y:7, C:512, F:64, ;3.88208270072937
1;0;MobilNet_08;2.1543161;0.6609457439683608;1;axe_out_channels1_0,axe_yy1_0;8;;;C:1, F:8, Y:1, C:1, X:7, W:3, H:3, X:1, Y:7, C:512, F:64, ;6.04736328125
2;0;MobilNet_08;1.1848811;0.49569833777761446;1;axe_out_channels1_0,axe_yy1_0;8;;;C:1, F:8, Y:1, C:1, X:7, W:3, H:3, X:1, Y:7, C:512, F:64, ;8.18875789642334
3;0;MobilNet_08;0.9980646000000002;0.27398692559434296;1;axe_out_channels1_0,axe_yy1_0;8;;;C:1, F:8, Y:1, C:2, X:7, W:3, H:3, X:1, Y:7, C:256, F:64, ;10.315219163894653
4;0;MobilNet_08;1.0180146;0.4324580152403699;1;axe_out_channels1_0,axe_yy1_0;8;;;C:2, F:8, Y:1, C:1, X:7, W:3, H:3, X:1, Y:7, C:256, F:64, ;12.409564733505249
5;0;MobilNet_08;1.208201;0.4706850366004851;1;axe_out_channels1_0,axe_yy1_0;8;;;C:1, F:8, Y:1, C:2, X:7, W:3, H:3, X:1, Y:7, C:256, F:64, ;14.585515260696411
6;0;MobilNet_08;1.6899487;0.23332057431827558;1;axe_out_channels1_0,axe_yy1_0;8;;;C:2, F:8, Y:1, C:1, X:7, W:3, H:3, X:1, Y:7, C:256, F:64, ;16.75710964202881
7;0;MobilNet_08;1.0829172;0.34606946328007615;1;axe_out_channels1_0,axe_yy1_0;8;;;C:1, F:8, Y:1, C:2, X:7, W:3, H:3, X:1, Y:7, C:256, F:64, ;18.902976274490356
8;0;MobilNet_08;1.5216756000000002;0.1418668325241668;1;axe_out_channels1_0,axe_yy1_0;8;;;C:2, F:8, Y:1, C:1, X:7, W:3, H:3, X:1, Y:7, C:256, F:64, ;21.01754593849182
9;0;MobilNet_08;1.676794;0.43321375407620655;1;axe_out_channels1_0,axe_yy1_0;8;;;C:1, F:8, Y:1, C:4, X:7, W:3, H:3, X:1, Y:7, C:128, F:64, ;23.158507585525513
10;0;MobilNet_08;1.6475943000000002;0.20835503411055367;1;axe_out_channels1_0,axe_yy1_0;8;;;C:2, F:8, Y:1, C:2, X:7, W:3, H:3, X:1, Y:7, C:128, F:64, ;25.28638219833374
11;0;MobilNet_08;1.4507268999999998;0.2317891236298416;1;axe_out_channels1_0,axe_yy1_0;8;;;C:4, F:8, Y:1, C:1, X:7, W:3, H:3, X:1, Y:7, C:128, F:64, ;27.394257307052612
12;0;MobilNet_08;1.0247693;0.3458729509334461;1;axe_out_channels1_0,axe_yy1_0;8;;;C:1, F:8, Y:1, C:4, X:7, W:3, H:3, X:1, Y:7, C:128, F:64, ;29.533278703689575
13;0;MobilNet_08;1.3107471;0.4435385093018306;1;axe_out_channels1_0,axe_yy1_0;8;;;C:2, F:8, Y:1, C:2, X:7, W:3, H:3, X:1, Y:7, C:128, F:64, ;31.709648609161377
14;0;MobilNet_08;1.5874244;0.3212279620357481;1;axe_out_channels1_0,axe_yy1_0;8;;;C:4, F:8, Y:1, C:1, X:7, W:3, H:3, X:1, Y:7, C:128, F:64, ;33.88376188278198
15;0;MobilNet_08;1.5751854;0.06231138165407667;1;axe_out_channels1_0,axe_yy1_0;8;;;C:1, F:8, Y:1, C:4, X:7, W:3, H:3, X:1, Y:7, C:128, F:64, ;36.0278537273407
16;0;MobilNet_08;1.3714799;0.1482033763120463;1;axe_out_channels1_0,axe_yy1_0;8;;;C:2, F:8, Y:1, C:2, X:7, W:3, H:3, X:1, Y:7, C:128, F:64, ;38.19202756881714
17;0;MobilNet_08;1.4042426000000003;0.22687482585037944;1;axe_out_channels1_0,axe_yy1_0;8;;;C:4, F:8, Y:1, C:1, X:7, W:3, H:3, X:1, Y:7, C:128, F:64, ;40.338215589523315
18;0;MobilNet_08;0.9903492;0.17123623445509423;1;axe_out_channels1_0,axe_yy1_0;8;;;C:1, F:8, Y:1, C:8, X:7, W:3, H:3, X:1, Y:7, C:64, F:64, ;42.46946716308594
19;0;MobilNet_08;1.1627097000000002;0.27336524973487397;1;axe_out_channels1_0,axe_yy1_0;8;;;C:2, F:8, Y:1, C:4, X:7, W:3, H:3, X:1, Y:7, C:64, F:64, ;44.580554246902466
20;0;MobilNet_08;1.3138017;0.23160791473179412;1;axe_out_channels1_0,axe_yy1_0;8;;;C:4, F:8, Y:1, C:2, X:7, W:3, H:3, X:1, Y:7, C:64, F:64, ;46.70052528381348
21;0;MobilNet_08;1.1855387;0.09524301650100127;1;axe_out_channels1_0,axe_yy1_0;8;;;C:8, F:8, Y:1, C:1, X:7, W:3, H:3, X:1, Y:7, C:64, F:64, ;48.82687973976135
22;0;MobilNet_08;1.5081636;0.40471412071564783;1;axe_out_channels1_0,axe_yy1_0;8;;;C:1, F:8, Y:1, C:8, X:7, W:3, H:3, X:1, Y:7, C:64, F:64, ;50.99162697792053
23;0;MobilNet_08;1.5913473999999999;0.35958843497565374;1;axe_out_channels1_0,axe_yy1_0;8;;;C:2, F:8, Y:1, C:4, X:7, W:3, H:3, X:1, Y:7, C:64, F:64, ;53.156890869140625
24;0;MobilNet_08;1.2403841999999998;0.16454026488905388;1;axe_out_channels1_0,axe_yy1_0;8;;;C:4, F:8, Y:1, C:2, X:7, W:3, H:3, X:1, Y:7, C:64, F:64, ;55.297585010528564
25;0;MobilNet_08;1.1437111000000002;0.14664730240986365;1;axe_out_channels1_0,axe_yy1_0;8;;;C:8, F:8, Y:1, C:1, X:7, W:3, H:3, X:1, Y:7, C:64, F:64, ;57.44901490211487
26;0;MobilNet_08;1.076579;0.19801358125795313;1;axe_out_channels1_0,axe_yy1_0;8;;;C:1, F:8, Y:1, C:8, X:7, W:3, H:3, X:1, Y:7, C:64, F:64, ;59.57645797729492
27;0;MobilNet_08;0.9733324000000001;0.18508293309443738;1;axe_out_channels1_0,axe_yy1_0;8;;;C:2, F:8, Y:1, C:4, X:7, W:3, H:3, X:1, Y:7, C:64, F:64, ;61.71819496154785
28;0;MobilNet_08;1.1540128;0.059199689948174566;1;axe_out_channels1_0,axe_yy1_0;8;;;C:4, F:8, Y:1, C:2, X:7, W:3, H:3, X:1, Y:7, C:64, F:64, ;63.86665606498718
29;0;MobilNet_08;1.3093531;0.08815354844752422;1;axe_out_channels1_0,axe_yy1_0;8;;;C:8, F:8, Y:1, C:1, X:7, W:3, H:3, X:1, Y:7, C:64, F:64, ;65.98998880386353
30;0;MobilNet_08;0.6588314000000001;0.044270021482262674;1;axe_out_channels1_0,axe_yy1_0;8;;;C:1, F:8, Y:1, C:16, X:7, W:3, H:3, X:1, Y:7, C:32, F:64, ;68.08107614517212
31;0;MobilNet_08;0.7281958000000001;0.052279549165615426;1;axe_out_channels1_0,axe_yy1_0;8;;;C:2, F:8, Y:1, C:8, X:7, W:3, H:3, X:1, Y:7, C:32, F:64, ;70.17332196235657
32;0;MobilNet_08;0.7017067;0.02464210272704015;1;axe_out_channels1_0,axe_yy1_0;8;;;C:4, F:8, Y:1, C:4, X:7, W:3, H:3, X:1, Y:7, C:32, F:64, ;72.26641535758972
33;0;MobilNet_08;0.7519405000000001;0.051339019081493964;1;axe_out_channels1_0,axe_yy1_0;8;;;C:8, F:8, Y:1, C:2, X:7, W:3, H:3, X:1, Y:7, C:32, F:64, ;74.36959028244019
34;0;MobilNet_08;0.7486099;0.014395015168105946;1;axe_out_channels1_0,axe_yy1_0;8;;;C:16, F:8, Y:1, C:1, X:7, W:3, H:3, X:1, Y:7, C:32, F:64, ;76.49990820884705
35;0;MobilNet_08;0.6688316000000001;0.024312740759527725;1;axe_out_channels1_0,axe_yy1_0;8;;;C:1, F:8, Y:1, C:16, X:7, W:3, H:3, X:1, Y:7, C:32, F:64, ;78.62498998641968
36;0;MobilNet_08;0.6372646;0.02639697677462327;1;axe_out_channels1_0,axe_yy1_0;8;;;C:2, F:8, Y:1, C:8, X:7, W:3, H:3, X:1, Y:7, C:32, F:64, ;80.77748918533325
37;0;MobilNet_08;0.6709064;0.015105315496208619;1;axe_out_channels1_0,axe_yy1_0;8;;;C:4, F:8, Y:1, C:4, X:7, W:3, H:3, X:1, Y:7, C:32, F:64, ;82.90683722496033
38;0;MobilNet_08;0.74656;0.019569235335086574;1;axe_out_channels1_0,axe_yy1_0;8;;;C:8, F:8, Y:1, C:2, X:7, W:3, H:3, X:1, Y:7, C:32, F:64, ;85.03831505775452
39;0;MobilNet_08;0.9829979;0.03001295478772459;1;axe_out_channels1_0,axe_yy1_0;8;;;C:16, F:8, Y:1, C:1, X:7, W:3, H:3, X:1, Y:7, C:32, F:64, ;87.17632389068604
40;0;MobilNet_08;0.7098380000000001;0.0062611748897471375;1;axe_out_channels1_0,axe_yy1_0;8;;;C:1, F:8, Y:1, C:16, X:7, W:3, H:3, X:1, Y:7, C:32, F:64, ;89.26643633842468
41;0;MobilNet_08;0.7060297999999999;0.013405481064102137;1;axe_out_channels1_0,axe_yy1_0;8;;;C:2, F:8, Y:1, C:8, X:7, W:3, H:3, X:1, Y:7, C:32, F:64, ;91.3725175857544
42;0;MobilNet_08;0.7767383000000001;0.021587590597609566;1;axe_out_channels1_0,axe_yy1_0;8;;;C:4, F:8, Y:1, C:4, X:7, W:3, H:3, X:1, Y:7, C:32, F:64, ;93.49026370048523
43;0;MobilNet_08;0.7853597;0.008166476731736871;1;axe_out_channels1_0,axe_yy1_0;8;;;C:8, F:8, Y:1, C:2, X:7, W:3, H:3, X:1, Y:7, C:32, F:64, ;95.59668254852295
44;0;MobilNet_08;0.8174313000000002;0.010628882453484936;1;axe_out_channels1_0,axe_yy1_0;8;;;C:16, F:8, Y:1, C:1, X:7, W:3, H:3, X:1, Y:7, C:32, F:64, ;97.74373626708984
45;0;MobilNet_08;0.7461865;0.08658900464175574;1;axe_out_channels1_0,axe_yy1_0;8;;;C:1, F:8, Y:1, C:32, X:7, W:3, H:3, X:1, Y:7, C:16, F:64, ;99.84556555747986
46;0;MobilNet_08;0.7299538999999999;0.01074349764694905;1;axe_out_channels1_0,axe_yy1_0;8;;;C:2, F:8, Y:1, C:16, X:7, W:3, H:3, X:1, Y:7, C:16, F:64, ;101.93800735473633
47;0;MobilNet_08;0.7648746;0.022603288810259473;1;axe_out_channels1_0,axe_yy1_0;8;;;C:4, F:8, Y:1, C:8, X:7, W:3, H:3, X:1, Y:7, C:16, F:64, ;104.01370191574097
48;0;MobilNet_08;0.7745273;0.02085217554621098;1;axe_out_channels1_0,axe_yy1_0;8;;;C:8, F:8, Y:1, C:4, X:7, W:3, H:3, X:1, Y:7, C:16, F:64, ;106.08141493797302
49;0;MobilNet_08;0.8953918;0.08046563851210028;1;axe_out_channels1_0,axe_yy1_0;8;;;C:16, F:8, Y:1, C:2, X:7, W:3, H:3, X:1, Y:7, C:16, F:64, ;108.19297671318054
50;0;MobilNet_08;0.8644530999999999;0.02336993225685518;1;axe_out_channels1_0,axe_yy1_0;8;;;C:32, F:8, Y:1, C:1, X:7, W:3, H:3, X:1, Y:7, C:16, F:64, ;110.29667901992798
51;0;MobilNet_08;0.6582296000000001;0.017339789936443886;1;axe_out_channels1_0,axe_yy1_0;8;;;C:1, F:8, Y:1, C:32, X:7, W:3, H:3, X:1, Y:7, C:16, F:64, ;112.41388583183289
52;0;MobilNet_08;0.6699101999999999;0.012913028822085091;1;axe_out_channels1_0,axe_yy1_0;8;;;C:2, F:8, Y:1, C:16, X:7, W:3, H:3, X:1, Y:7, C:16, F:64, ;114.53971338272095
53;0;MobilNet_08;0.6887743;0.019983629720598813;1;axe_out_channels1_0,axe_yy1_0;8;;;C:4, F:8, Y:1, C:8, X:7, W:3, H:3, X:1, Y:7, C:16, F:64, ;116.64283037185669
54;0;MobilNet_08;0.7568173;0.012386882465334063;1;axe_out_channels1_0,axe_yy1_0;8;;;C:8, F:8, Y:1, C:4, X:7, W:3, H:3, X:1, Y:7, C:16, F:64, ;118.78431415557861
55;0;MobilNet_08;0.8583841;0.030739489805297678;1;axe_out_channels1_0,axe_yy1_0;8;;;C:16, F:8, Y:1, C:2, X:7, W:3, H:3, X:1, Y:7, C:16, F:64, ;120.89970374107361
56;0;MobilNet_08;1.0756329;0.03559850743064941;1;axe_out_channels1_0,axe_yy1_0;8;;;C:32, F:8, Y:1, C:1, X:7, W:3, H:3, X:1, Y:7, C:16, F:64, ;123.0159661769867
57;0;MobilNet_08;0.7401169999999999;0.010185481068658448;1;axe_out_channels1_0,axe_yy1_0;8;;;C:1, F:8, Y:1, C:32, X:7, W:3, H:3, X:1, Y:7, C:16, F:64, ;125.11753368377686
58;0;MobilNet_08;0.701606;0.005854970657484103;1;axe_out_channels1_0,axe_yy1_0;8;;;C:2, F:8, Y:1, C:16, X:7, W:3, H:3, X:1, Y:7, C:16, F:64, ;127.23096203804016
59;0;MobilNet_08;0.7403027000000001;0.006506934732268382;1;axe_out_channels1_0,axe_yy1_0;8;;;C:4, F:8, Y:1, C:8, X:7, W:3, H:3, X:1, Y:7, C:16, F:64, ;129.34251499176025
60;0;MobilNet_08;0.7648742999999999;0.005550057946544367;1;axe_out_channels1_0,axe_yy1_0;8;;;C:8, F:8, Y:1, C:4, X:7, W:3, H:3, X:1, Y:7, C:16, F:64, ;131.4623339176178
61;0;MobilNet_08;0.8206209;0.01847839955975627;1;axe_out_channels1_0,axe_yy1_0;8;;;C:16, F:8, Y:1, C:2, X:7, W:3, H:3, X:1, Y:7, C:16, F:64, ;133.59110617637634
62;0;MobilNet_08;0.8717111;0.018301034164494624;1;axe_out_channels1_0,axe_yy1_0;8;;;C:32, F:8, Y:1, C:1, X:7, W:3, H:3, X:1, Y:7, C:16, F:64, ;135.69482922554016
63;0;MobilNet_08;0.8371568;0.0422604329102294;1;axe_out_channels1_0,axe_yy1_0;8;;;C:1, F:8, Y:1, C:64, X:7, W:3, H:3, X:1, Y:7, C:8, F:64, ;137.78184294700623
64;0;MobilNet_08;0.8005766;0.054171110083142994;1;axe_out_channels1_0,axe_yy1_0;8;;;C:2, F:8, Y:1, C:32, X:7, W:3, H:3, X:1, Y:7, C:8, F:64, ;139.86097502708435
65;0;MobilNet_08;0.8108403;0.00903300479408706;1;axe_out_channels1_0,axe_yy1_0;8;;;C:4, F:8, Y:1, C:16, X:7, W:3, H:3, X:1, Y:7, C:8, F:64, ;141.94401359558105
66;0;MobilNet_08;0.7951437;0.007089819589383092;1;axe_out_channels1_0,axe_yy1_0;8;;;C:8, F:8, Y:1, C:8, X:7, W:3, H:3, X:1, Y:7, C:8, F:64, ;144.05298829078674
67;0;MobilNet_08;0.8373855000000001;0.0071499214576105745;1;axe_out_channels1_0,axe_yy1_0;8;;;C:16, F:8, Y:1, C:4, X:7, W:3, H:3, X:1, Y:7, C:8, F:64, ;146.1478853225708
68;0;MobilNet_08;0.9711639999999999;0.04705599772186326;1;axe_out_channels1_0,axe_yy1_0;8;;;C:32, F:8, Y:1, C:2, X:7, W:3, H:3, X:1, Y:7, C:8, F:64, ;148.25620031356812
69;0;MobilNet_08;1.0145538;0.04696640344927425;1;axe_out_channels1_0,axe_yy1_0;8;;;C:64, F:8, Y:1, C:1, X:7, W:3, H:3, X:1, Y:7, C:8, F:64, ;150.34370946884155
70;0;MobilNet_08;0.7138948;0.017639507032794308;1;axe_out_channels1_0,axe_yy1_0;8;;;C:1, F:8, Y:1, C:64, X:7, W:3, H:3, X:1, Y:7, C:8, F:64, ;152.47061729431152
71;0;MobilNet_08;0.7293273;0.036884192730897596;1;axe_out_channels1_0,axe_yy1_0;8;;;C:2, F:8, Y:1, C:32, X:7, W:3, H:3, X:1, Y:7, C:8, F:64, ;154.60615158081055
72;0;MobilNet_08;0.7247819;0.013565767242953851;1;axe_out_channels1_0,axe_yy1_0;8;;;C:4, F:8, Y:1, C:16, X:7, W:3, H:3, X:1, Y:7, C:8, F:64, ;156.7328658103943
73;0;MobilNet_08;0.7726215000000001;0.010241801513893936;1;axe_out_channels1_0,axe_yy1_0;8;;;C:8, F:8, Y:1, C:8, X:7, W:3, H:3, X:1, Y:7, C:8, F:64, ;158.85477757453918
74;0;MobilNet_08;0.8134655000000001;0.011817544053228648;1;axe_out_channels1_0,axe_yy1_0;8;;;C:16, F:8, Y:1, C:4, X:7, W:3, H:3, X:1, Y:7, C:8, F:64, ;160.96789693832397
75;0;MobilNet_08;0.932258;0.015016252788229162;1;axe_out_channels1_0,axe_yy1_0;8;;;C:32, F:8, Y:1, C:2, X:7, W:3, H:3, X:1, Y:7, C:8, F:64, ;163.11594533920288
76;0;MobilNet_08;1.1834396;0.015130816476317472;1;axe_out_channels1_0,axe_yy1_0;8;;;C:64, F:8, Y:1, C:1, X:7, W:3, H:3, X:1, Y:7, C:8, F:64, ;165.28002667427063
77;0;MobilNet_08;0.8173419;0.019503026951988776;1;axe_out_channels1_0,axe_yy1_0;8;;;C:1, F:8, Y:1, C:64, X:7, W:3, H:3, X:1, Y:7, C:8, F:64, ;167.41132760047913
78;0;MobilNet_08;0.769274;0.009377287400949152;1;axe_out_channels1_0,axe_yy1_0;8;;;C:2, F:8, Y:1, C:32, X:7, W:3, H:3, X:1, Y:7, C:8, F:64, ;169.55469036102295
79;0;MobilNet_08;0.8094437000000001;0.008565864055073487;1;axe_out_channels1_0,axe_yy1_0;8;;;C:4, F:8, Y:1, C:16, X:7, W:3, H:3, X:1, Y:7, C:8, F:64, ;171.67557787895203
80;0;MobilNet_08;0.8214460000000001;0.012791854103295567;1;axe_out_channels1_0,axe_yy1_0;8;;;C:8, F:8, Y:1, C:8, X:7, W:3, H:3, X:1, Y:7, C:8, F:64, ;173.85782027244568
81;0;MobilNet_08;0.8934042;0.011980275846573815;1;axe_out_channels1_0,axe_yy1_0;8;;;C:16, F:8, Y:1, C:4, X:7, W:3, H:3, X:1, Y:7, C:8, F:64, ;175.98521041870117
82;0;MobilNet_08;0.9642531999999999;0.02142920791256641;1;axe_out_channels1_0,axe_yy1_0;8;;;C:32, F:8, Y:1, C:2, X:7, W:3, H:3, X:1, Y:7, C:8, F:64, ;178.1239788532257
83;0;MobilNet_08;0.9736627999999999;0.010695615866325812;1;axe_out_channels1_0,axe_yy1_0;8;;;C:64, F:8, Y:1, C:1, X:7, W:3, H:3, X:1, Y:7, C:8, F:64, ;180.25520014762878
84;0;MobilNet_08;0.8829993999999999;0.02668508178439781;1;axe_out_channels1_0,axe_yy1_0;8;;;C:1, F:8, Y:1, C:128, X:7, W:3, H:3, X:1, Y:7, C:4, F:64, ;182.36044597625732
85;0;MobilNet_08;0.8827613000000001;0.025350981330315405;1;axe_out_channels1_0,axe_yy1_0;8;;;C:2, F:8, Y:1, C:64, X:7, W:3, H:3, X:1, Y:7, C:4, F:64, ;184.42659187316895
86;0;MobilNet_08;0.8996601;0.021859509717511983;1;axe_out_channels1_0,axe_yy1_0;8;;;C:4, F:8, Y:1, C:32, X:7, W:3, H:3, X:1, Y:7, C:4, F:64, ;186.52164387702942
87;0;MobilNet_08;0.9382353999999999;0.014032973898643155;1;axe_out_channels1_0,axe_yy1_0;8;;;C:8, F:8, Y:1, C:16, X:7, W:3, H:3, X:1, Y:7, C:4, F:64, ;188.6210389137268
88;0;MobilNet_08;1.0091714999999999;0.017826589574284794;1;axe_out_channels1_0,axe_yy1_0;8;;;C:16, F:8, Y:1, C:8, X:7, W:3, H:3, X:1, Y:7, C:4, F:64, ;190.69085311889648
89;0;MobilNet_08;1.1320114000000001;0.01639288453079565;1;axe_out_channels1_0,axe_yy1_0;8;;;C:32, F:8, Y:1, C:4, X:7, W:3, H:3, X:1, Y:7, C:4, F:64, ;192.81323051452637
90;0;MobilNet_08;1.2235126;0.027423433801039548;1;axe_out_channels1_0,axe_yy1_0;8;;;C:64, F:8, Y:1, C:2, X:7, W:3, H:3, X:1, Y:7, C:4, F:64, ;194.9191768169403
91;0;MobilNet_08;1.5250059;0.012266668687545128;1;axe_out_channels1_0,axe_yy1_0;8;;;C:128, F:8, Y:1, C:1, X:7, W:3, H:3, X:1, Y:7, C:4, F:64, ;197.017760515213
92;0;MobilNet_08;1.0635691999999997;0.026220802671924476;1;axe_out_channels1_0,axe_yy1_0;8;;;C:1, F:8, Y:1, C:128, X:7, W:3, H:3, X:1, Y:7, C:4, F:64, ;199.14241528511047
93;0;MobilNet_08;1.0731373999999998;0.029127132784398796;1;axe_out_channels1_0,axe_yy1_0;8;;;C:2, F:8, Y:1, C:64, X:7, W:3, H:3, X:1, Y:7, C:4, F:64, ;201.2445933818817
94;0;MobilNet_08;1.1192099;0.034961989873146554;1;axe_out_channels1_0,axe_yy1_0;8;;;C:4, F:8, Y:1, C:32, X:7, W:3, H:3, X:1, Y:7, C:4, F:64, ;203.34399557113647
95;0;MobilNet_08;1.1407549;0.028747451151189003;1;axe_out_channels1_0,axe_yy1_0;8;;;C:8, F:8, Y:1, C:16, X:7, W:3, H:3, X:1, Y:7, C:4, F:64, ;205.44930243492126
96;0;MobilNet_08;1.2305128;0.0349163954147618;1;axe_out_channels1_0,axe_yy1_0;8;;;C:16, F:8, Y:1, C:8, X:7, W:3, H:3, X:1, Y:7, C:4, F:64, ;207.58521032333374
97;0;MobilNet_08;1.3525042999999999;0.044358615422598606;1;axe_out_channels1_0,axe_yy1_0;8;;;C:32, F:8, Y:1, C:4, X:7, W:3, H:3, X:1, Y:7, C:4, F:64, ;209.70525431632996
98;0;MobilNet_08;1.5773082999999999;0.03834641727997542;1;axe_out_channels1_0,axe_yy1_0;8;;;C:64, F:8, Y:1, C:2, X:7, W:3, H:3, X:1, Y:7, C:4, F:64, ;211.8414831161499
99;0;MobilNet_08;1.6420576999999998;0.024526258822127802;1;axe_out_channels1_0,axe_yy1_0;8;;;C:128, F:8, Y:1, C:1, X:7, W:3, H:3, X:1, Y:7, C:4, F:64, ;213.97358179092407
100;0;MobilNet_08;1.104636;0.061937098181945836;1;axe_out_channels1_0,axe_yy1_0;8;;;C:1, F:8, Y:1, C:128, X:7, W:3, H:3, X:1, Y:7, C:4, F:64, ;216.11727643013
101;0;MobilNet_08;1.1171836000000002;0.04456839758887455;1;axe_out_channels1_0,axe_yy1_0;8;;;C:2, F:8, Y:1, C:64, X:7, W:3, H:3, X:1, Y:7, C:4, F:64, ;218.2234435081482
102;0;MobilNet_08;1.1166894;0.030800919805096742;1;axe_out_channels1_0,axe_yy1_0;8;;;C:4, F:8, Y:1, C:32, X:7, W:3, H:3, X:1, Y:7, C:4, F:64, ;220.34514498710632
103;0;MobilNet_08;1.173102;0.036645221759459994;1;axe_out_channels1_0,axe_yy1_0;8;;;C:8, F:8, Y:1, C:16, X:7, W:3, H:3, X:1, Y:7, C:4, F:64, ;222.47231769561768
104;0;MobilNet_08;1.2437382;0.04965853443830173;1;axe_out_channels1_0,axe_yy1_0;8;;;C:16, F:8, Y:1, C:8, X:7, W:3, H:3, X:1, Y:7, C:4, F:64, ;224.61013197898865
105;0;MobilNet_08;1.3696472;0.04547046986517736;1;axe_out_channels1_0,axe_yy1_0;8;;;C:32, F:8, Y:1, C:4, X:7, W:3, H:3, X:1, Y:7, C:4, F:64, ;226.74176406860352
106;0;MobilNet_08;1.5220607999999998;0.05588813944085092;1;axe_out_channels1_0,axe_yy1_0;8;;;C:64, F:8, Y:1, C:2, X:7, W:3, H:3, X:1, Y:7, C:4, F:64, ;228.88490056991577
107;0;MobilNet_08;1.3450669;0.027079827046899704;1;axe_out_channels1_0,axe_yy1_0;8;;;C:128, F:8, Y:1, C:1, X:7, W:3, H:3, X:1, Y:7, C:4, F:64, ;230.9864625930786
108;0;MobilNet_08;1.8107737;0.04332013627413929;1;axe_out_channels1_0,axe_yy1_0;8;;;C:1, F:8, Y:1, C:256, X:7, W:3, H:3, X:1, Y:7, C:2, F:64, ;233.08244705200195
109;0;MobilNet_08;1.7956493999999998;0.04778555238605072;1;axe_out_channels1_0,axe_yy1_0;8;;;C:2, F:8, Y:1, C:128, X:7, W:3, H:3, X:1, Y:7, C:2, F:64, ;235.18806838989258
110;0;MobilNet_08;1.8417835;0.0432903151414956;1;axe_out_channels1_0,axe_yy1_0;8;;;C:4, F:8, Y:1, C:64, X:7, W:3, H:3, X:1, Y:7, C:2, F:64, ;237.2840507030487
111;0;MobilNet_08;1.8731048000000001;0.03263010712455603;1;axe_out_channels1_0,axe_yy1_0;8;;;C:8, F:8, Y:1, C:32, X:7, W:3, H:3, X:1, Y:7, C:2, F:64, ;239.41379380226135
112;0;MobilNet_08;1.9766073;0.016388174724782534;1;axe_out_channels1_0,axe_yy1_0;8;;;C:16, F:8, Y:1, C:16, X:7, W:3, H:3, X:1, Y:7, C:2, F:64, ;241.54579615592957
113;0;MobilNet_08;2.1221493;0.034805416682033866;1;axe_out_channels1_0,axe_yy1_0;8;;;C:32, F:8, Y:1, C:8, X:7, W:3, H:3, X:1, Y:7, C:2, F:64, ;243.6651132106781
114;0;MobilNet_08;2.3114812999999996;0.031660568504213546;1;axe_out_channels1_0,axe_yy1_0;8;;;C:64, F:8, Y:1, C:4, X:7, W:3, H:3, X:1, Y:7, C:2, F:64, ;245.80273628234863
115;0;MobilNet_08;2.6046659;0.05016797377899577;1;axe_out_channels1_0,axe_yy1_0;8;;;C:128, F:8, Y:1, C:2, X:7, W:3, H:3, X:1, Y:7, C:2, F:64, ;247.9426884651184
116;0;MobilNet_08;3.0748498999999994;0.033351819678842154;1;axe_out_channels1_0,axe_yy1_0;8;;;C:256, F:8, Y:1, C:1, X:7, W:3, H:3, X:1, Y:7, C:2, F:64, ;250.10865354537964
117;0;MobilNet_08;1.6176542999999999;0.0431250988405824;1;axe_out_channels1_0,axe_yy1_0;8;;;C:1, F:8, Y:1, C:256, X:7, W:3, H:3, X:1, Y:7, C:2, F:64, ;252.24589824676514
118;0;MobilNet_08;1.6684820999999999;0.03971961121272464;1;axe_out_channels1_0,axe_yy1_0;8;;;C:2, F:8, Y:1, C:128, X:7, W:3, H:3, X:1, Y:7, C:2, F:64, ;254.39259672164917
119;0;MobilNet_08;1.6522563000000001;0.04152268685200903;1;axe_out_channels1_0,axe_yy1_0;8;;;C:4, F:8, Y:1, C:64, X:7, W:3, H:3, X:1, Y:7, C:2, F:64, ;256.5231487751007
120;0;MobilNet_08;1.6882281;0.03225801244171752;1;axe_out_channels1_0,axe_yy1_0;8;;;C:8, F:8, Y:1, C:32, X:7, W:3, H:3, X:1, Y:7, C:2, F:64, ;258.6515004634857
121;0;MobilNet_08;1.7737757000000003;0.03690606146705438;1;axe_out_channels1_0,axe_yy1_0;8;;;C:16, F:8, Y:1, C:16, X:7, W:3, H:3, X:1, Y:7, C:2, F:64, ;260.8069546222687
122;0;MobilNet_08;1.8841603999999996;0.026950291991739168;1;axe_out_channels1_0,axe_yy1_0;8;;;C:32, F:8, Y:1, C:8, X:7, W:3, H:3, X:1, Y:7, C:2, F:64, ;262.95719504356384
123;0;MobilNet_08;2.0234232;0.0498571418791731;1;axe_out_channels1_0,axe_yy1_0;8;;;C:64, F:8, Y:1, C:4, X:7, W:3, H:3, X:1, Y:7, C:2, F:64, ;265.12780022621155
124;0;MobilNet_08;2.3854702;0.051018418020946074;1;axe_out_channels1_0,axe_yy1_0;8;;;C:128, F:8, Y:1, C:2, X:7, W:3, H:3, X:1, Y:7, C:2, F:64, ;267.3121919631958
125;0;MobilNet_08;2.9401346999999998;0.060693601613431986;1;axe_out_channels1_0,axe_yy1_0;8;;;C:256, F:8, Y:1, C:1, X:7, W:3, H:3, X:1, Y:7, C:2, F:64, ;269.5247046947479
126;0;MobilNet_08;1.9785712999999998;0.05463886343446389;1;axe_out_channels1_0,axe_yy1_0;8;;;C:1, F:8, Y:1, C:256, X:7, W:3, H:3, X:1, Y:7, C:2, F:64, ;271.6735804080963
127;0;MobilNet_08;1.9574882000000002;0.041975965260610745;1;axe_out_channels1_0,axe_yy1_0;8;;;C:2, F:8, Y:1, C:128, X:7, W:3, H:3, X:1, Y:7, C:2, F:64, ;273.8189265727997
128;0;MobilNet_08;2.0717801;0.07763248207090893;1;axe_out_channels1_0,axe_yy1_0;8;;;C:4, F:8, Y:1, C:64, X:7, W:3, H:3, X:1, Y:7, C:2, F:64, ;275.9475910663605
129;0;MobilNet_08;2.1172400000000002;0.051769703435503585;1;axe_out_channels1_0,axe_yy1_0;8;;;C:8, F:8, Y:1, C:32, X:7, W:3, H:3, X:1, Y:7, C:2, F:64, ;278.10082817077637
130;0;MobilNet_08;2.2190278000000005;0.05753353975517235;1;axe_out_channels1_0,axe_yy1_0;8;;;C:16, F:8, Y:1, C:16, X:7, W:3, H:3, X:1, Y:7, C:2, F:64, ;280.2707757949829
131;0;MobilNet_08;2.4528578000000003;0.04602541189343127;1;axe_out_channels1_0,axe_yy1_0;8;;;C:32, F:8, Y:1, C:8, X:7, W:3, H:3, X:1, Y:7, C:2, F:64, ;282.43495059013367
132;0;MobilNet_08;2.7808349999999997;0.08460260203799881;1;axe_out_channels1_0,axe_yy1_0;8;;;C:64, F:8, Y:1, C:4, X:7, W:3, H:3, X:1, Y:7, C:2, F:64, ;284.60572266578674
133;0;MobilNet_08;3.3182139;0.08797523660604732;1;axe_out_channels1_0,axe_yy1_0;8;;;C:128, F:8, Y:1, C:2, X:7, W:3, H:3, X:1, Y:7, C:2, F:64, ;286.796418428421
134;0;MobilNet_08;2.5689238;0.028114099735897655;1;axe_out_channels1_0,axe_yy1_0;8;;;C:256, F:8, Y:1, C:1, X:7, W:3, H:3, X:1, Y:7, C:2, F:64, ;288.95471119880676
135;0;MobilNet_08;3.6872518000000007;0.024425841016431818;1;axe_out_channels1_0,axe_yy1_0;8;;;C:1, F:8, Y:1, C:512, X:7, W:3, H:3, X:1, Y:7, C:1, F:64, ;291.10948514938354
136;0;MobilNet_08;3.7508696;0.0408173236021179;1;axe_out_channels1_0,axe_yy1_0;8;;;C:2, F:8, Y:1, C:256, X:7, W:3, H:3, X:1, Y:7, C:1, F:64, ;293.3018672466278
137;0;MobilNet_08;3.7920287000000004;0.03296119394090584;1;axe_out_channels1_0,axe_yy1_0;8;;;C:4, F:8, Y:1, C:128, X:7, W:3, H:3, X:1, Y:7, C:1, F:64, ;295.4639399051666
138;0;MobilNet_08;3.9017826999999996;0.016498840244392965;1;axe_out_channels1_0,axe_yy1_0;8;;;C:8, F:8, Y:1, C:64, X:7, W:3, H:3, X:1, Y:7, C:1, F:64, ;297.6461887359619
139;0;MobilNet_08;3.9851067999999996;0.027469518626288172;1;axe_out_channels1_0,axe_yy1_0;8;;;C:16, F:8, Y:1, C:32, X:7, W:3, H:3, X:1, Y:7, C:1, F:64, ;299.8490324020386
140;0;MobilNet_08;4.109040599999999;0.028349833322966967;1;axe_out_channels1_0,axe_yy1_0;8;;;C:32, F:8, Y:1, C:16, X:7, W:3, H:3, X:1, Y:7, C:1, F:64, ;302.0320134162903
141;0;MobilNet_08;4.293434800000001;0.04340300285418057;1;axe_out_channels1_0,axe_yy1_0;8;;;C:64, F:8, Y:1, C:8, X:7, W:3, H:3, X:1, Y:7, C:1, F:64, ;304.227822303772
142;0;MobilNet_08;4.734799199999999;0.06254586908309773;1;axe_out_channels1_0,axe_yy1_0;8;;;C:128, F:8, Y:1, C:4, X:7, W:3, H:3, X:1, Y:7, C:1, F:64, ;306.4491801261902
143;0;MobilNet_08;5.4125333;0.04869102856389464;1;axe_out_channels1_0,axe_yy1_0;8;;;C:256, F:8, Y:1, C:2, X:7, W:3, H:3, X:1, Y:7, C:1, F:64, ;308.71488094329834
144;0;MobilNet_08;6.462081700000001;0.08794796190822167;1;axe_out_channels1_0,axe_yy1_0;8;;;C:512, F:8, Y:1, C:1, X:7, W:3, H:3, X:1, Y:7, C:1, F:64, ;311.0184028148651
145;0;MobilNet_08;3.5075505;0.037308405868517046;1;axe_out_channels1_0,axe_yy1_0;8;;;C:1, F:8, Y:1, C:512, X:7, W:3, H:3, X:1, Y:7, C:1, F:64, ;313.1833174228668
146;0;MobilNet_08;3.4955663;0.023574278508789962;1;axe_out_channels1_0,axe_yy1_0;8;;;C:2, F:8, Y:1, C:256, X:7, W:3, H:3, X:1, Y:7, C:1, F:64, ;315.3700728416443
147;0;MobilNet_08;3.6156859000000003;0.03611488447565631;1;axe_out_channels1_0,axe_yy1_0;8;;;C:4, F:8, Y:1, C:128, X:7, W:3, H:3, X:1, Y:7, C:1, F:64, ;317.5477890968323
148;0;MobilNet_08;3.6188089999999997;0.0314330535774047;1;axe_out_channels1_0,axe_yy1_0;8;;;C:8, F:8, Y:1, C:64, X:7, W:3, H:3, X:1, Y:7, C:1, F:64, ;319.74305272102356
149;0;MobilNet_08;3.6827046999999995;0.03215631477035274;1;axe_out_channels1_0,axe_yy1_0;8;;;C:16, F:8, Y:1, C:32, X:7, W:3, H:3, X:1, Y:7, C:1, F:64, ;321.9575741291046
150;0;MobilNet_08;3.8432936999999994;0.039831103030295356;1;axe_out_channels1_0,axe_yy1_0;8;;;C:32, F:8, Y:1, C:16, X:7, W:3, H:3, X:1, Y:7, C:1, F:64, ;324.1515374183655
151;0;MobilNet_08;4.0173237;0.037801117092091156;1;axe_out_channels1_0,axe_yy1_0;8;;;C:64, F:8, Y:1, C:8, X:7, W:3, H:3, X:1, Y:7, C:1, F:64, ;326.35415601730347
152;0;MobilNet_08;4.5051217;0.060306959906879655;1;axe_out_channels1_0,axe_yy1_0;8;;;C:128, F:8, Y:1, C:4, X:7, W:3, H:3, X:1, Y:7, C:1, F:64, ;328.58429741859436
153;0;MobilNet_08;5.2253015000000005;0.07836175343526962;1;axe_out_channels1_0,axe_yy1_0;8;;;C:256, F:8, Y:1, C:2, X:7, W:3, H:3, X:1, Y:7, C:1, F:64, ;330.83992052078247
154;0;MobilNet_08;6.2576163000000005;0.06719431836851968;1;axe_out_channels1_0,axe_yy1_0;8;;;C:512, F:8, Y:1, C:1, X:7, W:3, H:3, X:1, Y:7, C:1, F:64, ;333.1218492984772
155;0;MobilNet_08;2.9434251;0.030772439667501206;1;axe_out_channels1_0,axe_yy1_0;8;;;C:1, F:8, Y:1, C:512, X:7, W:3, H:3, X:1, Y:7, C:1, F:64, ;335.3110113143921
156;0;MobilNet_08;2.9510511999999998;0.022027685801282032;1;axe_out_channels1_0,axe_yy1_0;8;;;C:2, F:8, Y:1, C:256, X:7, W:3, H:3, X:1, Y:7, C:1, F:64, ;337.4754943847656
157;0;MobilNet_08;2.9756579000000003;0.021898924971103063;1;axe_out_channels1_0,axe_yy1_0;8;;;C:4, F:8, Y:1, C:128, X:7, W:3, H:3, X:1, Y:7, C:1, F:64, ;339.6341848373413
158;0;MobilNet_08;3.0306561;0.01628047796872073;1;axe_out_channels1_0,axe_yy1_0;8;;;C:8, F:8, Y:1, C:64, X:7, W:3, H:3, X:1, Y:7, C:1, F:64, ;341.8050329685211
159;0;MobilNet_08;3.108501;0.029914373190825776;1;axe_out_channels1_0,axe_yy1_0;8;;;C:16, F:8, Y:1, C:32, X:7, W:3, H:3, X:1, Y:7, C:1, F:64, ;344.0263500213623
160;0;MobilNet_08;3.1981324;0.03286939874777153;1;axe_out_channels1_0,axe_yy1_0;8;;;C:32, F:8, Y:1, C:16, X:7, W:3, H:3, X:1, Y:7, C:1, F:64, ;346.2116868495941
161;0;MobilNet_08;3.3855549;0.03453965376331966;1;axe_out_channels1_0,axe_yy1_0;8;;;C:64, F:8, Y:1, C:8, X:7, W:3, H:3, X:1, Y:7, C:1, F:64, ;348.4197201728821
162;0;MobilNet_08;3.8296681999999995;0.04227030608074658;1;axe_out_channels1_0,axe_yy1_0;8;;;C:128, F:8, Y:1, C:4, X:7, W:3, H:3, X:1, Y:7, C:1, F:64, ;350.6410884857178
163;0;MobilNet_08;4.5270852999999995;0.038053618222318994;1;axe_out_channels1_0,axe_yy1_0;8;;;C:256, F:8, Y:1, C:2, X:7, W:3, H:3, X:1, Y:7, C:1, F:64, ;352.88389325141907
164;0;MobilNet_08;5.6397374;0.08939029500141511;1;axe_out_channels1_0,axe_yy1_0;8;;;C:512, F:8, Y:1, C:1, X:7, W:3, H:3, X:1, Y:7, C:1, F:64, ;355.1587417125702
0;1;MobilNet_08;1.6157327;0.06789427046378806;1;axe_out_channels1_0,axe_yy1_0,axe_xx1_0;56;;;C:1, F:8, Y:1, C:1, X:7, W:3, H:3, X:1, Y:7, C:512, F:64, ;3.5325393676757812
0;2;MobilNet_08;1.4708997;0.1030969913198732;1;axe_out_channels1_0,axe_yy1_0,axe_xx1_0;56;;;C:1, F:8, Y:1, C:1, X:7, W:3, H:3, X:1, Y:7, C:512, F:64, ;5.274972200393677
1;1;MobilNet_08;1.5316683;0.07260629304412945;1;axe_out_channels1_0,axe_yy1_0,axe_xx1_0;56;;;C:1, F:8, Y:1, C:1, X:7, W:3, H:3, X:1, Y:7, C:512, F:64, ;7.060084342956543
1;2;MobilNet_08;1.5502968000000001;0.04988965395710818;1;axe_out_channels1_0,axe_yy1_0,axe_xx1_0;56;;;C:1, F:8, Y:1, C:1, X:7, W:3, H:3, X:1, Y:7, C:512, F:64, ;8.824297904968262
2;1;MobilNet_08;1.257086;0.05984196120616369;1;axe_out_channels1_0,axe_yy1_0,axe_xx1_0;56;;;C:1, F:8, Y:1, C:1, X:7, W:3, H:3, X:1, Y:7, C:512, F:64, ;10.585465908050537
2;2;MobilNet_08;1.2862151;0.07161771326347975;1;axe_out_channels1_0,axe_yy1_0,axe_xx1_0;56;;;C:1, F:8, Y:1, C:1, X:7, W:3, H:3, X:1, Y:7, C:512, F:64, ;12.352972745895386
3;1;MobilNet_08;1.4292369;0.09152541370619419;1;axe_out_channels1_0,axe_yy1_0,axe_xx1_0;56;;;C:1, F:8, Y:1, C:2, X:7, W:3, H:3, X:1, Y:7, C:256, F:64, ;14.110411643981934
3;2;MobilNet_08;1.4040332;0.056722868791696426;1;axe_out_channels1_0,axe_yy1_0,axe_xx1_0;56;;;C:1, F:8, Y:1, C:2, X:7, W:3, H:3, X:1, Y:7, C:256, F:64, ;15.873963356018066
4;1;MobilNet_08;1.5078042;0.04627761285286871;1;axe_out_channels1_0,axe_yy1_0,axe_xx1_0;56;;;C:2, F:8, Y:1, C:1, X:7, W:3, H:3, X:1, Y:7, C:256, F:64, ;17.631990432739258
4;2;MobilNet_08;1.3785375;0.028447096822874583;1;axe_out_channels1_0,axe_yy1_0,axe_xx1_0;56;;;C:2, F:8, Y:1, C:1, X:7, W:3, H:3, X:1, Y:7, C:256, F:64, ;19.380513668060303
5;1;MobilNet_08;1.5362519999999997;0.0672695693757586;1;axe_out_channels1_0,axe_yy1_0,axe_xx1_0;56;;;C:1, F:8, Y:1, C:2, X:7, W:3, H:3, X:1, Y:7, C:256, F:64, ;21.152574062347412
5;2;MobilNet_08;1.5748434;0.09802909851181944;1;axe_out_channels1_0,axe_yy1_0,axe_xx1_0;56;;;C:1, F:8, Y:1, C:2, X:7, W:3, H:3, X:1, Y:7, C:256, F:64, ;22.925866842269897
6;1;MobilNet_08;1.5002049;0.10648590280168543;1;axe_out_channels1_0,axe_yy1_0,axe_xx1_0;56;;;C:2, F:8, Y:1, C:1, X:7, W:3, H:3, X:1, Y:7, C:256, F:64, ;24.70367169380188
6;2;MobilNet_08;1.5045769999999998;0.08598814872992676;1;axe_out_channels1_0,axe_yy1_0,axe_xx1_0;56;;;C:2, F:8, Y:1, C:1, X:7, W:3, H:3, X:1, Y:7, C:256, F:64, ;26.489078044891357
7;1;MobilNet_08;1.1924892999999999;0.0788917529251949;1;axe_out_channels1_0,axe_yy1_0,axe_xx1_0;56;;;C:1, F:8, Y:1, C:2, X:7, W:3, H:3, X:1, Y:7, C:256, F:64, ;28.25777578353882
7;2;MobilNet_08;1.0669499;0.11493127864985225;1;axe_out_channels1_0,axe_yy1_0,axe_xx1_0;56;;;C:1, F:8, Y:1, C:2, X:7, W:3, H:3, X:1, Y:7, C:256, F:64, ;30.009559154510498
8;1;MobilNet_08;1.2180076000000002;0.07557658046934913;1;axe_out_channels1_0,axe_yy1_0,axe_xx1_0;56;;;C:2, F:8, Y:1, C:1, X:7, W:3, H:3, X:1, Y:7, C:256, F:64, ;31.777231454849243
8;2;MobilNet_08;1.2462052999999997;0.07355518343672321;1;axe_out_channels1_0,axe_yy1_0,axe_xx1_0;56;;;C:2, F:8, Y:1, C:1, X:7, W:3, H:3, X:1, Y:7, C:256, F:64, ;33.54856634140015
9;1;MobilNet_08;0.9752031000000001;0.10301582771055136;1;axe_out_channels1_0,axe_yy1_0,axe_xx1_0;56;;;C:1, F:8, Y:1, C:4, X:7, W:3, H:3, X:1, Y:7, C:128, F:64, ;35.29750180244446
9;2;MobilNet_08;1.4531869;0.04295729418957857;1;axe_out_channels1_0,axe_yy1_0,axe_xx1_0;56;;;C:1, F:8, Y:1, C:4, X:7, W:3, H:3, X:1, Y:7, C:128, F:64, ;37.072157859802246
10;1;MobilNet_08;0.9137635;0.14315663798039543;1;axe_out_channels1_0,axe_yy1_0,axe_xx1_0;56;;;C:2, F:8, Y:1, C:2, X:7, W:3, H:3, X:1, Y:7, C:128, F:64, ;38.830256938934326
10;2;MobilNet_08;1.4629905;0.055314277264102416;1;axe_out_channels1_0,axe_yy1_0,axe_xx1_0;56;;;C:2, F:8, Y:1, C:2, X:7, W:3, H:3, X:1, Y:7, C:128, F:64, ;40.63438057899475
11;1;MobilNet_08;0.9880593;0.07729485443294397;1;axe_out_channels1_0,axe_yy1_0,axe_xx1_0;56;;;C:4, F:8, Y:1, C:1, X:7, W:3, H:3, X:1, Y:7, C:128, F:64, ;42.400458335876465
11;2;MobilNet_08;1.4252405;0.05110579594576334;1;axe_out_channels1_0,axe_yy1_0,axe_xx1_0;56;;;C:4, F:8, Y:1, C:1, X:7, W:3, H:3, X:1, Y:7, C:128, F:64, ;44.142054319381714
12;1;MobilNet_08;0.9151747;0.04124836899333113;1;axe_out_channels1_0,axe_yy1_0,axe_xx1_0;56;;;C:1, F:8, Y:1, C:4, X:7, W:3, H:3, X:1, Y:7, C:128, F:64, ;45.92073702812195
12;2;MobilNet_08;1.5834139;0.02781520345943921;1;axe_out_channels1_0,axe_yy1_0,axe_xx1_0;56;;;C:1, F:8, Y:1, C:4, X:7, W:3, H:3, X:1, Y:7, C:128, F:64, ;47.6948139667511
13;1;MobilNet_08;1.0222273999999998;0.1194906224841096;1;axe_out_channels1_0,axe_yy1_0,axe_xx1_0;56;;;C:2, F:8, Y:1, C:2, X:7, W:3, H:3, X:1, Y:7, C:128, F:64, ;49.46753215789795
13;2;MobilNet_08;1.5262582999999998;0.02948988671070134;1;axe_out_channels1_0,axe_yy1_0,axe_xx1_0;56;;;C:2, F:8, Y:1, C:2, X:7, W:3, H:3, X:1, Y:7, C:128, F:64, ;51.26056909561157
14;1;MobilNet_08;1.1946244;0.051348387704386586;1;axe_out_channels1_0,axe_yy1_0,axe_xx1_0;56;;;C:4, F:8, Y:1, C:1, X:7, W:3, H:3, X:1, Y:7, C:128, F:64, ;53.02885818481445
14;2;MobilNet_08;1.5774759999999999;0.06342642654446172;1;axe_out_channels1_0,axe_yy1_0,axe_xx1_0;56;;;C:4, F:8, Y:1, C:1, X:7, W:3, H:3, X:1, Y:7, C:128, F:64, ;54.811482429504395
15;1;MobilNet_08;0.7617897000000001;0.07246756326391832;1;axe_out_channels1_0,axe_yy1_0,axe_xx1_0;56;;;C:1, F:8, Y:1, C:4, X:7, W:3, H:3, X:1, Y:7, C:128, F:64, ;56.57055997848511
15;2;MobilNet_08;1.2971268;0.0437976104366437;1;axe_out_channels1_0,axe_yy1_0,axe_xx1_0;56;;;C:1, F:8, Y:1, C:4, X:7, W:3, H:3, X:1, Y:7, C:128, F:64, ;58.33779716491699
16;1;MobilNet_08;0.7844610999999999;0.13347053871506628;1;axe_out_channels1_0,axe_yy1_0,axe_xx1_0;56;;;C:2, F:8, Y:1, C:2, X:7, W:3, H:3, X:1, Y:7, C:128, F:64, ;60.10346603393555
16;2;MobilNet_08;1.3276045;0.04569515996306387;1;axe_out_channels1_0,axe_yy1_0,axe_xx1_0;56;;;C:2, F:8, Y:1, C:2, X:7, W:3, H:3, X:1, Y:7, C:128, F:64, ;61.87812829017639
17;1;MobilNet_08;0.9080647000000001;0.045704776282244286;1;axe_out_channels1_0,axe_yy1_0,axe_xx1_0;56;;;C:4, F:8, Y:1, C:1, X:7, W:3, H:3, X:1, Y:7, C:128, F:64, ;63.654048919677734
17;2;MobilNet_08;1.3330710000000001;0.027511946045309096;1;axe_out_channels1_0,axe_yy1_0,axe_xx1_0;56;;;C:4, F:8, Y:1, C:1, X:7, W:3, H:3, X:1, Y:7, C:128, F:64, ;65.42137694358826
18;1;MobilNet_08;0.4829268;0.006744605263467991;1;axe_out_channels1_0,axe_yy1_0,axe_xx1_0;56;;;C:1, F:8, Y:1, C:8, X:7, W:3, H:3, X:1, Y:7, C:64, F:64, ;67.16490459442139
18;2;MobilNet_08;1.423483;0.07384289986450968;1;axe_out_channels1_0,axe_yy1_0,axe_xx1_0;56;;;C:1, F:8, Y:1, C:8, X:7, W:3, H:3, X:1, Y:7, C:64, F:64, ;68.91126036643982
19;1;MobilNet_08;0.4755946;0.015120062626854442;1;axe_out_channels1_0,axe_yy1_0,axe_xx1_0;56;;;C:2, F:8, Y:1, C:4, X:7, W:3, H:3, X:1, Y:7, C:64, F:64, ;70.65805339813232
19;2;MobilNet_08;1.4306022;0.049084797326259845;1;axe_out_channels1_0,axe_yy1_0,axe_xx1_0;56;;;C:2, F:8, Y:1, C:4, X:7, W:3, H:3, X:1, Y:7, C:64, F:64, ;72.42064142227173
20;1;MobilNet_08;0.49208100000000005;0.011062584571428119;1;axe_out_channels1_0,axe_yy1_0,axe_xx1_0;56;;;C:4, F:8, Y:1, C:2, X:7, W:3, H:3, X:1, Y:7, C:64, F:64, ;74.15801000595093
20;2;MobilNet_08;1.4577550000000001;0.03715528762639315;1;axe_out_channels1_0,axe_yy1_0,axe_xx1_0;56;;;C:4, F:8, Y:1, C:2, X:7, W:3, H:3, X:1, Y:7, C:64, F:64, ;75.93132853507996
21;1;MobilNet_08;0.4899998;0.010899175196316438;1;axe_out_channels1_0,axe_yy1_0,axe_xx1_0;56;;;C:8, F:8, Y:1, C:1, X:7, W:3, H:3, X:1, Y:7, C:64, F:64, ;77.68057990074158
21;2;MobilNet_08;1.476758;0.046161891811319834;1;axe_out_channels1_0,axe_yy1_0,axe_xx1_0;56;;;C:8, F:8, Y:1, C:1, X:7, W:3, H:3, X:1, Y:7, C:64, F:64, ;79.4167411327362
22;1;MobilNet_08;0.5255472000000001;0.005866990178958898;1;axe_out_channels1_0,axe_yy1_0,axe_xx1_0;56;;;C:1, F:8, Y:1, C:8, X:7, W:3, H:3, X:1, Y:7, C:64, F:64, ;81.18829655647278
22;2;MobilNet_08;1.5360278;0.046438679143145305;1;axe_out_channels1_0,axe_yy1_0,axe_xx1_0;56;;;C:1, F:8, Y:1, C:8, X:7, W:3, H:3, X:1, Y:7, C:64, F:64, ;82.98816227912903
23;1;MobilNet_08;0.5272826;0.00475262597308057;1;axe_out_channels1_0,axe_yy1_0,axe_xx1_0;56;;;C:2, F:8, Y:1, C:4, X:7, W:3, H:3, X:1, Y:7, C:64, F:64, ;84.7603747844696
23;2;MobilNet_08;1.5221604999999998;0.0651822953895458;1;axe_out_channels1_0,axe_yy1_0,axe_xx1_0;56;;;C:2, F:8, Y:1, C:4, X:7, W:3, H:3, X:1, Y:7, C:64, F:64, ;86.55083537101746
24;1;MobilNet_08;0.5215365999999999;0.010652527983535179;1;axe_out_channels1_0,axe_yy1_0,axe_xx1_0;56;;;C:4, F:8, Y:1, C:2, X:7, W:3, H:3, X:1, Y:7, C:64, F:64, ;88.32554626464844
24;2;MobilNet_08;1.5853863000000001;0.04405337304463757;1;axe_out_channels1_0,axe_yy1_0,axe_xx1_0;56;;;C:4, F:8, Y:1, C:2, X:7, W:3, H:3, X:1, Y:7, C:64, F:64, ;90.11155080795288
25;1;MobilNet_08;0.5180892;0.006620226201573489;1;axe_out_channels1_0,axe_yy1_0,axe_xx1_0;56;;;C:8, F:8, Y:1, C:1, X:7, W:3, H:3, X:1, Y:7, C:64, F:64, ;91.88561654090881
25;2;MobilNet_08;1.5091036;0.05965340137024879;1;axe_out_channels1_0,axe_yy1_0,axe_xx1_0;56;;;C:8, F:8, Y:1, C:1, X:7, W:3, H:3, X:1, Y:7, C:64, F:64, ;93.6665096282959
26;1;MobilNet_08;0.47500099999999995;0.006126741074992474;1;axe_out_channels1_0,axe_yy1_0,axe_xx1_0;56;;;C:1, F:8, Y:1, C:8, X:7, W:3, H:3, X:1, Y:7, C:64, F:64, ;95.45477390289307
26;2;MobilNet_08;1.3216318999999999;0.07974591899332531;1;axe_out_channels1_0,axe_yy1_0,axe_xx1_0;56;;;C:1, F:8, Y:1, C:8, X:7, W:3, H:3, X:1, Y:7, C:64, F:64, ;97.21536898612976
27;1;MobilNet_08;0.47861000000000004;0.012213627200795026;1;axe_out_channels1_0,axe_yy1_0,axe_xx1_0;56;;;C:2, F:8, Y:1, C:4, X:7, W:3, H:3, X:1, Y:7, C:64, F:64, ;98.98797559738159
27;2;MobilNet_08;1.3046925999999999;0.057604048467447204;1;axe_out_channels1_0,axe_yy1_0,axe_xx1_0;56;;;C:2, F:8, Y:1, C:4, X:7, W:3, H:3, X:1, Y:7, C:64, F:64, ;100.76501846313477
28;1;MobilNet_08;0.47295869999999995;0.0045348627333139865;1;axe_out_channels1_0,axe_yy1_0,axe_xx1_0;56;;;C:4, F:8, Y:1, C:2, X:7, W:3, H:3, X:1, Y:7, C:64, F:64, ;102.53057193756104
28;2;MobilNet_08;1.2965417000000001;0.07408872356850266;1;axe_out_channels1_0,axe_yy1_0,axe_xx1_0;56;;;C:4, F:8, Y:1, C:2, X:7, W:3, H:3, X:1, Y:7, C:64, F:64, ;104.30722832679749
29;1;MobilNet_08;0.4712314;0.00486120434049014;1;axe_out_channels1_0,axe_yy1_0,axe_xx1_0;56;;;C:8, F:8, Y:1, C:1, X:7, W:3, H:3, X:1, Y:7, C:64, F:64, ;106.07071280479431
29;2;MobilNet_08;1.2734317000000002;0.05509935806713179;1;axe_out_channels1_0,axe_yy1_0,axe_xx1_0;56;;;C:8, F:8, Y:1, C:1, X:7, W:3, H:3, X:1, Y:7, C:64, F:64, ;107.8432126045227
30;1;MobilNet_08;0.6069262999999999;0.019735079468043686;1;axe_out_channels1_0,axe_yy1_0,axe_xx1_0;56;;;C:1, F:8, Y:1, C:16, X:7, W:3, H:3, X:1, Y:7, C:32, F:64, ;109.61308407783508
30;2;MobilNet_08;1.516007;0.04449112694234657;1;axe_out_channels1_0,axe_yy1_0,axe_xx1_0;56;;;C:1, F:8, Y:1, C:16, X:7, W:3, H:3, X:1, Y:7, C:32, F:64, ;111.37612986564636
31;1;MobilNet_08;0.6122666999999999;0.019025410345377573;1;axe_out_channels1_0,axe_yy1_0,axe_xx1_0;56;;;C:2, F:8, Y:1, C:8, X:7, W:3, H:3, X:1, Y:7, C:32, F:64, ;113.14356994628906
31;2;MobilNet_08;1.4833183;0.052081381807801544;1;axe_out_channels1_0,axe_yy1_0,axe_xx1_0;56;;;C:2, F:8, Y:1, C:8, X:7, W:3, H:3, X:1, Y:7, C:32, F:64, ;114.92413067817688
32;1;MobilNet_08;0.6194263;0.024852135011101163;1;axe_out_channels1_0,axe_yy1_0,axe_xx1_0;56;;;C:4, F:8, Y:1, C:4, X:7, W:3, H:3, X:1, Y:7, C:32, F:64, ;116.6955623626709
32;2;MobilNet_08;1.3114817;0.1246550767831379;1;axe_out_channels1_0,axe_yy1_0,axe_xx1_0;56;;;C:4, F:8, Y:1, C:4, X:7, W:3, H:3, X:1, Y:7, C:32, F:64, ;118.451984167099
33;1;MobilNet_08;0.63728;0.02577236409412222;1;axe_out_channels1_0,axe_yy1_0,axe_xx1_0;56;;;C:8, F:8, Y:1, C:2, X:7, W:3, H:3, X:1, Y:7, C:32, F:64, ;120.22451162338257
33;2;MobilNet_08;1.3858150999999999;0.12018458294760609;1;axe_out_channels1_0,axe_yy1_0,axe_xx1_0;56;;;C:8, F:8, Y:1, C:2, X:7, W:3, H:3, X:1, Y:7, C:32, F:64, ;121.98752188682556
34;1;MobilNet_08;0.6285670999999999;0.0164142671079156;1;axe_out_channels1_0,axe_yy1_0,axe_xx1_0;56;;;C:16, F:8, Y:1, C:1, X:7, W:3, H:3, X:1, Y:7, C:32, F:64, ;123.75700974464417
34;2;MobilNet_08;1.5613197;0.04143749365260884;1;axe_out_channels1_0,axe_yy1_0,axe_xx1_0;56;;;C:16, F:8, Y:1, C:1, X:7, W:3, H:3, X:1, Y:7, C:32, F:64, ;125.50757193565369
35;1;MobilNet_08;0.6930615;0.017374434967791053;1;axe_out_channels1_0,axe_yy1_0,axe_xx1_0;56;;;C:1, F:8, Y:1, C:16, X:7, W:3, H:3, X:1, Y:7, C:32, F:64, ;127.30073595046997
35;2;MobilNet_08;1.5050809;0.07424370651233682;1;axe_out_channels1_0,axe_yy1_0,axe_xx1_0;56;;;C:1, F:8, Y:1, C:16, X:7, W:3, H:3, X:1, Y:7, C:32, F:64, ;129.07461524009705
36;1;MobilNet_08;0.6975726999999999;0.028353957917899214;1;axe_out_channels1_0,axe_yy1_0,axe_xx1_0;56;;;C:2, F:8, Y:1, C:8, X:7, W:3, H:3, X:1, Y:7, C:32, F:64, ;130.87726211547852
36;2;MobilNet_08;1.5632096999999998;0.06038610456727603;1;axe_out_channels1_0,axe_yy1_0,axe_xx1_0;56;;;C:2, F:8, Y:1, C:8, X:7, W:3, H:3, X:1, Y:7, C:32, F:64, ;132.66605043411255
37;1;MobilNet_08;0.6746817999999999;0.030998357455839485;1;axe_out_channels1_0,axe_yy1_0,axe_xx1_0;56;;;C:4, F:8, Y:1, C:4, X:7, W:3, H:3, X:1, Y:7, C:32, F:64, ;134.46324825286865
37;2;MobilNet_08;1.5259585000000002;0.06021749943538009;1;axe_out_channels1_0,axe_yy1_0,axe_xx1_0;56;;;C:4, F:8, Y:1, C:4, X:7, W:3, H:3, X:1, Y:7, C:32, F:64, ;136.2481861114502
38;1;MobilNet_08;0.7054222000000001;0.023414506011445152;1;axe_out_channels1_0,axe_yy1_0,axe_xx1_0;56;;;C:8, F:8, Y:1, C:2, X:7, W:3, H:3, X:1, Y:7, C:32, F:64, ;138.04551458358765
38;2;MobilNet_08;1.5020546;0.0589819139858991;1;axe_out_channels1_0,axe_yy1_0,axe_xx1_0;56;;;C:8, F:8, Y:1, C:2, X:7, W:3, H:3, X:1, Y:7, C:32, F:64, ;139.83063220977783
39;1;MobilNet_08;0.7016883;0.020904759032574393;1;axe_out_channels1_0,axe_yy1_0,axe_xx1_0;56;;;C:16, F:8, Y:1, C:1, X:7, W:3, H:3, X:1, Y:7, C:32, F:64, ;141.63317108154297
39;2;MobilNet_08;1.4883743;0.11789059560800429;1;axe_out_channels1_0,axe_yy1_0,axe_xx1_0;56;;;C:16, F:8, Y:1, C:1, X:7, W:3, H:3, X:1, Y:7, C:32, F:64, ;143.41032123565674
40;1;MobilNet_08;0.5610664;0.024210646138424326;1;axe_out_channels1_0,axe_yy1_0,axe_xx1_0;56;;;C:1, F:8, Y:1, C:16, X:7, W:3, H:3, X:1, Y:7, C:32, F:64, ;145.1962959766388
40;2;MobilNet_08;1.2716273999999999;0.06083913504348989;1;axe_out_channels1_0,axe_yy1_0,axe_xx1_0;56;;;C:1, F:8, Y:1, C:16, X:7, W:3, H:3, X:1, Y:7, C:32, F:64, ;146.96330189704895
41;1;MobilNet_08;0.5851641999999999;0.01787514486542698;1;axe_out_channels1_0,axe_yy1_0,axe_xx1_0;56;;;C:2, F:8, Y:1, C:8, X:7, W:3, H:3, X:1, Y:7, C:32, F:64, ;148.75164198875427
41;2;MobilNet_08;1.2010873;0.1130343893954844;1;axe_out_channels1_0,axe_yy1_0,axe_xx1_0;56;;;C:2, F:8, Y:1, C:8, X:7, W:3, H:3, X:1, Y:7, C:32, F:64, ;150.5459222793579
42;1;MobilNet_08;0.606277;0.012553988656996624;1;axe_out_channels1_0,axe_yy1_0,axe_xx1_0;56;;;C:4, F:8, Y:1, C:4, X:7, W:3, H:3, X:1, Y:7, C:32, F:64, ;152.33434319496155
42;2;MobilNet_08;1.3424532;0.05775974988830892;1;axe_out_channels1_0,axe_yy1_0,axe_xx1_0;56;;;C:4, F:8, Y:1, C:4, X:7, W:3, H:3, X:1, Y:7, C:32, F:64, ;154.1104712486267
43;1;MobilNet_08;0.5900063;0.02173176067901541;1;axe_out_channels1_0,axe_yy1_0,axe_xx1_0;56;;;C:8, F:8, Y:1, C:2, X:7, W:3, H:3, X:1, Y:7, C:32, F:64, ;155.90166640281677
43;2;MobilNet_08;1.3626661;0.08338371534832205;1;axe_out_channels1_0,axe_yy1_0,axe_xx1_0;56;;;C:8, F:8, Y:1, C:2, X:7, W:3, H:3, X:1, Y:7, C:32, F:64, ;157.6765730381012
44;1;MobilNet_08;0.6106081;0.012934773561605151;1;axe_out_channels1_0,axe_yy1_0,axe_xx1_0;56;;;C:16, F:8, Y:1, C:1, X:7, W:3, H:3, X:1, Y:7, C:32, F:64, ;159.46432042121887
44;2;MobilNet_08;1.2712151;0.07384085371994291;1;axe_out_channels1_0,axe_yy1_0,axe_xx1_0;56;;;C:16, F:8, Y:1, C:1, X:7, W:3, H:3, X:1, Y:7, C:32, F:64, ;161.22293281555176
45;1;MobilNet_08;0.6660224;0.02128141635418095;1;axe_out_channels1_0,axe_yy1_0,axe_xx1_0;56;;;C:1, F:8, Y:1, C:32, X:7, W:3, H:3, X:1, Y:7, C:16, F:64, ;162.99409317970276
45;2;MobilNet_08;1.5273454000000002;0.030384991832152965;1;axe_out_channels1_0,axe_yy1_0,axe_xx1_0;56;;;C:1, F:8, Y:1, C:32, X:7, W:3, H:3, X:1, Y:7, C:16, F:64, ;164.76008129119873
46;1;MobilNet_08;0.6356631;0.01963362312692184;1;axe_out_channels1_0,axe_yy1_0,axe_xx1_0;56;;;C:2, F:8, Y:1, C:16, X:7, W:3, H:3, X:1, Y:7, C:16, F:64, ;166.53739404678345
46;2;MobilNet_08;1.4914882;0.038575364179227134;1;axe_out_channels1_0,axe_yy1_0,axe_xx1_0;56;;;C:2, F:8, Y:1, C:16, X:7, W:3, H:3, X:1, Y:7, C:16, F:64, ;168.3084909915924
47;1;MobilNet_08;0.6662276;0.012229513516080677;1;axe_out_channels1_0,axe_yy1_0,axe_xx1_0;56;;;C:4, F:8, Y:1, C:8, X:7, W:3, H:3, X:1, Y:7, C:16, F:64, ;170.08392930030823
47;2;MobilNet_08;1.4551254;0.040350989985872686;1;axe_out_channels1_0,axe_yy1_0,axe_xx1_0;56;;;C:4, F:8, Y:1, C:8, X:7, W:3, H:3, X:1, Y:7, C:16, F:64, ;171.84331464767456
48;1;MobilNet_08;0.6719330000000001;0.01713388759155373;1;axe_out_channels1_0,axe_yy1_0,axe_xx1_0;56;;;C:8, F:8, Y:1, C:4, X:7, W:3, H:3, X:1, Y:7, C:16, F:64, ;173.61854147911072
48;2;MobilNet_08;1.5311935;0.043680848950655764;1;axe_out_channels1_0,axe_yy1_0,axe_xx1_0;56;;;C:8, F:8, Y:1, C:4, X:7, W:3, H:3, X:1, Y:7, C:16, F:64, ;175.38237833976746
49;1;MobilNet_08;0.6512420999999999;0.01858320375204447;1;axe_out_channels1_0,axe_yy1_0,axe_xx1_0;56;;;C:16, F:8, Y:1, C:2, X:7, W:3, H:3, X:1, Y:7, C:16, F:64, ;177.15337085723877
49;2;MobilNet_08;1.5214974;0.04835239410866849;1;axe_out_channels1_0,axe_yy1_0,axe_xx1_0;56;;;C:16, F:8, Y:1, C:2, X:7, W:3, H:3, X:1, Y:7, C:16, F:64, ;178.91921138763428
50;1;MobilNet_08;0.6452796000000001;0.01758043083203595;1;axe_out_channels1_0,axe_yy1_0,axe_xx1_0;56;;;C:32, F:8, Y:1, C:1, X:7, W:3, H:3, X:1, Y:7, C:16, F:64, ;180.68758130073547
50;2;MobilNet_08;1.5169492;0.03332529031471447;1;axe_out_channels1_0,axe_yy1_0,axe_xx1_0;56;;;C:32, F:8, Y:1, C:1, X:7, W:3, H:3, X:1, Y:7, C:16, F:64, ;182.43387484550476
51;1;MobilNet_08;0.7465957;0.015041765342206354;1;axe_out_channels1_0,axe_yy1_0,axe_xx1_0;56;;;C:1, F:8, Y:1, C:32, X:7, W:3, H:3, X:1, Y:7, C:16, F:64, ;184.22845792770386
51;2;MobilNet_08;1.6587528000000002;0.038789346008408006;1;axe_out_channels1_0,axe_yy1_0,axe_xx1_0;56;;;C:1, F:8, Y:1, C:32, X:7, W:3, H:3, X:1, Y:7, C:16, F:64, ;186.00407338142395
52;1;MobilNet_08;0.7561118;0.008944070111531996;1;axe_out_channels1_0,axe_yy1_0,axe_xx1_0;56;;;C:2, F:8, Y:1, C:16, X:7, W:3, H:3, X:1, Y:7, C:16, F:64, ;187.81041359901428
52;2;MobilNet_08;1.6098576999999998;0.04217524238709244;1;axe_out_channels1_0,axe_yy1_0,axe_xx1_0;56;;;C:2, F:8, Y:1, C:16, X:7, W:3, H:3, X:1, Y:7, C:16, F:64, ;189.60043907165527
53;1;MobilNet_08;0.7490840999999999;0.012071011527208506;1;axe_out_channels1_0,axe_yy1_0,axe_xx1_0;56;;;C:4, F:8, Y:1, C:8, X:7, W:3, H:3, X:1, Y:7, C:16, F:64, ;191.39775729179382
53;2;MobilNet_08;1.6232389999999999;0.045572388570273584;1;axe_out_channels1_0,axe_yy1_0,axe_xx1_0;56;;;C:4, F:8, Y:1, C:8, X:7, W:3, H:3, X:1, Y:7, C:16, F:64, ;193.21057295799255
54;1;MobilNet_08;0.7475447;0.009591420030944323;1;axe_out_channels1_0,axe_yy1_0,axe_xx1_0;56;;;C:8, F:8, Y:1, C:4, X:7, W:3, H:3, X:1, Y:7, C:16, F:64, ;195.00910758972168
54;2;MobilNet_08;1.5938015;0.02866490064259775;1;axe_out_channels1_0,axe_yy1_0,axe_xx1_0;56;;;C:8, F:8, Y:1, C:4, X:7, W:3, H:3, X:1, Y:7, C:16, F:64, ;196.7869508266449
55;1;MobilNet_08;0.7494251000000001;0.013831796191746057;1;axe_out_channels1_0,axe_yy1_0,axe_xx1_0;56;;;C:16, F:8, Y:1, C:2, X:7, W:3, H:3, X:1, Y:7, C:16, F:64, ;198.58162355422974
55;2;MobilNet_08;1.5920251000000003;0.03497496823286621;1;axe_out_channels1_0,axe_yy1_0,axe_xx1_0;56;;;C:16, F:8, Y:1, C:2, X:7, W:3, H:3, X:1, Y:7, C:16, F:64, ;200.36340403556824
56;1;MobilNet_08;0.7432934;0.01972668779699218;1;axe_out_channels1_0,axe_yy1_0,axe_xx1_0;56;;;C:32, F:8, Y:1, C:1, X:7, W:3, H:3, X:1, Y:7, C:16, F:64, ;202.1571559906006
56;2;MobilNet_08;1.616706;0.04512552209781066;1;axe_out_channels1_0,axe_yy1_0,axe_xx1_0;56;;;C:32, F:8, Y:1, C:1, X:7, W:3, H:3, X:1, Y:7, C:16, F:64, ;203.94416642189026
57;1;MobilNet_08;0.6412907;0.011521985662636474;1;axe_out_channels1_0,axe_yy1_0,axe_xx1_0;56;;;C:1, F:8, Y:1, C:32, X:7, W:3, H:3, X:1, Y:7, C:16, F:64, ;205.73218083381653
57;2;MobilNet_08;1.2015486000000002;0.17009814020982122;1;axe_out_channels1_0,axe_yy1_0,axe_xx1_0;56;;;C:1, F:8, Y:1, C:32, X:7, W:3, H:3, X:1, Y:7, C:16, F:64, ;207.50137066841125
58;1;MobilNet_08;0.65749;0.00734314578365429;1;axe_out_channels1_0,axe_yy1_0,axe_xx1_0;56;;;C:2, F:8, Y:1, C:16, X:7, W:3, H:3, X:1, Y:7, C:16, F:64, ;209.30212211608887
58;2;MobilNet_08;1.2957222000000002;0.16223501381317165;1;axe_out_channels1_0,axe_yy1_0,axe_xx1_0;56;;;C:2, F:8, Y:1, C:16, X:7, W:3, H:3, X:1, Y:7, C:16, F:64, ;211.07879257202148
59;1;MobilNet_08;0.6353234999999999;0.015811009494968997;1;axe_out_channels1_0,axe_yy1_0,axe_xx1_0;56;;;C:4, F:8, Y:1, C:8, X:7, W:3, H:3, X:1, Y:7, C:16, F:64, ;212.86446237564087
59;2;MobilNet_08;1.3266969000000002;0.10023555804049777;1;axe_out_channels1_0,axe_yy1_0,axe_xx1_0;56;;;C:4, F:8, Y:1, C:8, X:7, W:3, H:3, X:1, Y:7, C:16, F:64, ;214.6389377117157
60;1;MobilNet_08;0.6486788;0.018049113173782265;1;axe_out_channels1_0,axe_yy1_0,axe_xx1_0;56;;;C:8, F:8, Y:1, C:4, X:7, W:3, H:3, X:1, Y:7, C:16, F:64, ;216.41959309577942
60;2;MobilNet_08;1.382215;0.1037894655791232;1;axe_out_channels1_0,axe_yy1_0,axe_xx1_0;56;;;C:8, F:8, Y:1, C:4, X:7, W:3, H:3, X:1, Y:7, C:16, F:64, ;218.18734693527222
61;1;MobilNet_08;0.6525023;0.0051197762460873176;1;axe_out_channels1_0,axe_yy1_0,axe_xx1_0;56;;;C:16, F:8, Y:1, C:2, X:7, W:3, H:3, X:1, Y:7, C:16, F:64, ;219.9650776386261
61;2;MobilNet_08;1.4194321;0.04058379463394221;1;axe_out_channels1_0,axe_yy1_0,axe_xx1_0;56;;;C:16, F:8, Y:1, C:2, X:7, W:3, H:3, X:1, Y:7, C:16, F:64, ;221.7602937221527
62;1;MobilNet_08;0.6327288;0.009202721214945078;1;axe_out_channels1_0,axe_yy1_0,axe_xx1_0;56;;;C:32, F:8, Y:1, C:1, X:7, W:3, H:3, X:1, Y:7, C:16, F:64, ;223.5430064201355
62;2;MobilNet_08;1.3969018000000002;0.044706336566084234;1;axe_out_channels1_0,axe_yy1_0,axe_xx1_0;56;;;C:32, F:8, Y:1, C:1, X:7, W:3, H:3, X:1, Y:7, C:16, F:64, ;225.3072431087494
63;1;MobilNet_08;0.7825433;0.005352378855238124;1;axe_out_channels1_0,axe_yy1_0,axe_xx1_0;56;;;C:1, F:8, Y:1, C:64, X:7, W:3, H:3, X:1, Y:7, C:8, F:64, ;227.07809925079346
63;2;MobilNet_08;1.5574714000000003;0.06359232719471743;1;axe_out_channels1_0,axe_yy1_0,axe_xx1_0;56;;;C:1, F:8, Y:1, C:64, X:7, W:3, H:3, X:1, Y:7, C:8, F:64, ;228.83323788642883
64;1;MobilNet_08;0.7893611;0.009005351391811403;1;axe_out_channels1_0,axe_yy1_0,axe_xx1_0;56;;;C:2, F:8, Y:1, C:32, X:7, W:3, H:3, X:1, Y:7, C:8, F:64, ;230.60305190086365
64;2;MobilNet_08;1.5256396;0.07094680455975448;1;axe_out_channels1_0,axe_yy1_0,axe_xx1_0;56;;;C:2, F:8, Y:1, C:32, X:7, W:3, H:3, X:1, Y:7, C:8, F:64, ;232.38414597511292
65;1;MobilNet_08;0.8079007;0.006053004180570183;1;axe_out_channels1_0,axe_yy1_0,axe_xx1_0;56;;;C:4, F:8, Y:1, C:16, X:7, W:3, H:3, X:1, Y:7, C:8, F:64, ;234.17334818840027
65;2;MobilNet_08;1.5578309000000001;0.05499308420419794;1;axe_out_channels1_0,axe_yy1_0,axe_xx1_0;56;;;C:4, F:8, Y:1, C:16, X:7, W:3, H:3, X:1, Y:7, C:8, F:64, ;235.94853711128235
66;1;MobilNet_08;0.8004581;0.011185570262172616;1;axe_out_channels1_0,axe_yy1_0,axe_xx1_0;56;;;C:8, F:8, Y:1, C:8, X:7, W:3, H:3, X:1, Y:7, C:8, F:64, ;237.71826338768005
66;2;MobilNet_08;1.6014488;0.056170616549580415;1;axe_out_channels1_0,axe_yy1_0,axe_xx1_0;56;;;C:8, F:8, Y:1, C:8, X:7, W:3, H:3, X:1, Y:7, C:8, F:64, ;239.49766564369202
67;1;MobilNet_08;0.7910817;0.010280864234586498;1;axe_out_channels1_0,axe_yy1_0,axe_xx1_0;56;;;C:16, F:8, Y:1, C:4, X:7, W:3, H:3, X:1, Y:7, C:8, F:64, ;241.2693862915039
67;2;MobilNet_08;1.6106808999999997;0.03304865116899628;1;axe_out_channels1_0,axe_yy1_0,axe_xx1_0;56;;;C:16, F:8, Y:1, C:4, X:7, W:3, H:3, X:1, Y:7, C:8, F:64, ;243.02920818328857
68;1;MobilNet_08;0.8005346;0.005708733488261625;1;axe_out_channels1_0,axe_yy1_0,axe_xx1_0;56;;;C:32, F:8, Y:1, C:2, X:7, W:3, H:3, X:1, Y:7, C:8, F:64, ;244.801411151886
68;2;MobilNet_08;1.5397196;0.0904713372899948;1;axe_out_channels1_0,axe_yy1_0,axe_xx1_0;56;;;C:32, F:8, Y:1, C:2, X:7, W:3, H:3, X:1, Y:7, C:8, F:64, ;246.58577752113342
69;1;MobilNet_08;0.7815293;0.011222612405763601;1;axe_out_channels1_0,axe_yy1_0,axe_xx1_0;56;;;C:64, F:8, Y:1, C:1, X:7, W:3, H:3, X:1, Y:7, C:8, F:64, ;248.35260558128357
69;2;MobilNet_08;1.5593134;0.0481020759244339;1;axe_out_channels1_0,axe_yy1_0,axe_xx1_0;56;;;C:64, F:8, Y:1, C:1, X:7, W:3, H:3, X:1, Y:7, C:8, F:64, ;250.11053681373596
70;1;MobilNet_08;0.8626279;0.019971887434341296;1;axe_out_channels1_0,axe_yy1_0,axe_xx1_0;56;;;C:1, F:8, Y:1, C:64, X:7, W:3, H:3, X:1, Y:7, C:8, F:64, ;251.90760254859924
70;2;MobilNet_08;1.6765877;0.013677181091511528;1;axe_out_channels1_0,axe_yy1_0,axe_xx1_0;56;;;C:1, F:8, Y:1, C:64, X:7, W:3, H:3, X:1, Y:7, C:8, F:64, ;253.70737218856812
71;1;MobilNet_08;0.8396981;0.006717803159515766;1;axe_out_channels1_0,axe_yy1_0,axe_xx1_0;56;;;C:2, F:8, Y:1, C:32, X:7, W:3, H:3, X:1, Y:7, C:8, F:64, ;255.5092957019806
71;2;MobilNet_08;1.592672;0.09312747747899117;1;axe_out_channels1_0,axe_yy1_0,axe_xx1_0;56;;;C:2, F:8, Y:1, C:32, X:7, W:3, H:3, X:1, Y:7, C:8, F:64, ;257.303528547287
72;1;MobilNet_08;0.8710389000000001;0.02357817273433208;1;axe_out_channels1_0,axe_yy1_0,axe_xx1_0;56;;;C:4, F:8, Y:1, C:16, X:7, W:3, H:3, X:1, Y:7, C:8, F:64, ;259.1205701828003
72;2;MobilNet_08;1.5711774;0.06610439906874575;1;axe_out_channels1_0,axe_yy1_0,axe_xx1_0;56;;;C:4, F:8, Y:1, C:16, X:7, W:3, H:3, X:1, Y:7, C:8, F:64, ;260.92166662216187
73;1;MobilNet_08;0.8490468;0.00866930353373326;1;axe_out_channels1_0,axe_yy1_0,axe_xx1_0;56;;;C:8, F:8, Y:1, C:8, X:7, W:3, H:3, X:1, Y:7, C:8, F:64, ;262.73160767555237
73;2;MobilNet_08;1.5891322;0.05742255686017472;1;axe_out_channels1_0,axe_yy1_0,axe_xx1_0;56;;;C:8, F:8, Y:1, C:8, X:7, W:3, H:3, X:1, Y:7, C:8, F:64, ;264.5300371646881
74;1;MobilNet_08;0.8526948000000001;0.014773142149184106;1;axe_out_channels1_0,axe_yy1_0,axe_xx1_0;56;;;C:16, F:8, Y:1, C:4, X:7, W:3, H:3, X:1, Y:7, C:8, F:64, ;266.3416199684143
74;2;MobilNet_08;1.5999556;0.024465522897334557;1;axe_out_channels1_0,axe_yy1_0,axe_xx1_0;56;;;C:16, F:8, Y:1, C:4, X:7, W:3, H:3, X:1, Y:7, C:8, F:64, ;268.140150308609
75;1;MobilNet_08;0.8463183000000001;0.008801791681811158;1;axe_out_channels1_0,axe_yy1_0,axe_xx1_0;56;;;C:32, F:8, Y:1, C:2, X:7, W:3, H:3, X:1, Y:7, C:8, F:64, ;269.95089960098267
75;2;MobilNet_08;1.5998248;0.043294426375227554;1;axe_out_channels1_0,axe_yy1_0,axe_xx1_0;56;;;C:32, F:8, Y:1, C:2, X:7, W:3, H:3, X:1, Y:7, C:8, F:64, ;271.7604274749756
76;1;MobilNet_08;0.8493476000000001;0.009833581089308204;1;axe_out_channels1_0,axe_yy1_0,axe_xx1_0;56;;;C:64, F:8, Y:1, C:1, X:7, W:3, H:3, X:1, Y:7, C:8, F:64, ;273.55806398391724
76;2;MobilNet_08;1.6484399;0.03888163216597269;1;axe_out_channels1_0,axe_yy1_0,axe_xx1_0;56;;;C:64, F:8, Y:1, C:1, X:7, W:3, H:3, X:1, Y:7, C:8, F:64, ;275.354683637619
77;1;MobilNet_08;0.7354442000000001;0.007450952835711675;1;axe_out_channels1_0,axe_yy1_0,axe_xx1_0;56;;;C:1, F:8, Y:1, C:64, X:7, W:3, H:3, X:1, Y:7, C:8, F:64, ;277.1477701663971
77;2;MobilNet_08;1.4736787000000002;0.03324487417948821;1;axe_out_channels1_0,axe_yy1_0,axe_xx1_0;56;;;C:1, F:8, Y:1, C:64, X:7, W:3, H:3, X:1, Y:7, C:8, F:64, ;278.9372971057892
78;1;MobilNet_08;0.7377014;0.01621721076017699;1;axe_out_channels1_0,axe_yy1_0,axe_xx1_0;56;;;C:2, F:8, Y:1, C:32, X:7, W:3, H:3, X:1, Y:7, C:8, F:64, ;280.7289762496948
78;2;MobilNet_08;1.5081938;0.10353682188168613;1;axe_out_channels1_0,axe_yy1_0,axe_xx1_0;56;;;C:2, F:8, Y:1, C:32, X:7, W:3, H:3, X:1, Y:7, C:8, F:64, ;282.52223205566406
79;1;MobilNet_08;0.7409673999999999;0.011069690322678379;1;axe_out_channels1_0,axe_yy1_0,axe_xx1_0;56;;;C:4, F:8, Y:1, C:16, X:7, W:3, H:3, X:1, Y:7, C:8, F:64, ;284.3283760547638
79;2;MobilNet_08;1.5079777;0.034793785180833654;1;axe_out_channels1_0,axe_yy1_0,axe_xx1_0;56;;;C:4, F:8, Y:1, C:16, X:7, W:3, H:3, X:1, Y:7, C:8, F:64, ;286.1346228122711
80;1;MobilNet_08;0.7564551999999999;0.018328325279741185;1;axe_out_channels1_0,axe_yy1_0,axe_xx1_0;56;;;C:8, F:8, Y:1, C:8, X:7, W:3, H:3, X:1, Y:7, C:8, F:64, ;287.9338595867157
80;2;MobilNet_08;1.4257733;0.09732918661331766;1;axe_out_channels1_0,axe_yy1_0,axe_xx1_0;56;;;C:8, F:8, Y:1, C:8, X:7, W:3, H:3, X:1, Y:7, C:8, F:64, ;289.7356708049774
81;1;MobilNet_08;0.7249972000000001;0.005786624211057785;1;axe_out_channels1_0,axe_yy1_0,axe_xx1_0;56;;;C:16, F:8, Y:1, C:4, X:7, W:3, H:3, X:1, Y:7, C:8, F:64, ;291.5295352935791
81;2;MobilNet_08;1.5045538999999999;0.08370549336746068;1;axe_out_channels1_0,axe_yy1_0,axe_xx1_0;56;;;C:16, F:8, Y:1, C:4, X:7, W:3, H:3, X:1, Y:7, C:8, F:64, ;293.327748298645
82;1;MobilNet_08;0.7308114000000001;0.009255919264989306;1;axe_out_channels1_0,axe_yy1_0,axe_xx1_0;56;;;C:32, F:8, Y:1, C:2, X:7, W:3, H:3, X:1, Y:7, C:8, F:64, ;295.12369108200073
82;2;MobilNet_08;1.4823942;0.03934953981891021;1;axe_out_channels1_0,axe_yy1_0,axe_xx1_0;56;;;C:32, F:8, Y:1, C:2, X:7, W:3, H:3, X:1, Y:7, C:8, F:64, ;296.9123704433441
83;1;MobilNet_08;0.7314506000000001;0.008405207435869748;1;axe_out_channels1_0,axe_yy1_0,axe_xx1_0;56;;;C:64, F:8, Y:1, C:1, X:7, W:3, H:3, X:1, Y:7, C:8, F:64, ;298.6960835456848
83;2;MobilNet_08;1.4258265;0.061715465481919494;1;axe_out_channels1_0,axe_yy1_0,axe_xx1_0;56;;;C:64, F:8, Y:1, C:1, X:7, W:3, H:3, X:1, Y:7, C:8, F:64, ;300.47870779037476
84;1;MobilNet_08;1.2502434;0.019187161886011175;1;axe_out_channels1_0,axe_yy1_0,axe_xx1_0;56;;;C:1, F:8, Y:1, C:128, X:7, W:3, H:3, X:1, Y:7, C:4, F:64, ;302.24495363235474
84;2;MobilNet_08;1.5130326;0.11896850552579033;1;axe_out_channels1_0,axe_yy1_0,axe_xx1_0;56;;;C:1, F:8, Y:1, C:128, X:7, W:3, H:3, X:1, Y:7, C:4, F:64, ;304.01261925697327
85;1;MobilNet_08;1.2456965999999998;0.011715237173868938;1;axe_out_channels1_0,axe_yy1_0,axe_xx1_0;56;;;C:2, F:8, Y:1, C:64, X:7, W:3, H:3, X:1, Y:7, C:4, F:64, ;305.7827503681183
85;2;MobilNet_08;1.6337869;0.06951964667408778;1;axe_out_channels1_0,axe_yy1_0,axe_xx1_0;56;;;C:2, F:8, Y:1, C:64, X:7, W:3, H:3, X:1, Y:7, C:4, F:64, ;307.5691485404968
86;1;MobilNet_08;1.2597149;0.020286767625474593;1;axe_out_channels1_0,axe_yy1_0,axe_xx1_0;56;;;C:4, F:8, Y:1, C:32, X:7, W:3, H:3, X:1, Y:7, C:4, F:64, ;309.3410077095032
86;2;MobilNet_08;1.6471274;0.04350263115766681;1;axe_out_channels1_0,axe_yy1_0,axe_xx1_0;56;;;C:4, F:8, Y:1, C:32, X:7, W:3, H:3, X:1, Y:7, C:4, F:64, ;311.13624811172485
87;1;MobilNet_08;1.2337189000000002;0.01146780633294791;1;axe_out_channels1_0,axe_yy1_0,axe_xx1_0;56;;;C:8, F:8, Y:1, C:16, X:7, W:3, H:3, X:1, Y:7, C:4, F:64, ;312.915935754776
87;2;MobilNet_08;1.6904163000000003;0.02590431190381244;1;axe_out_channels1_0,axe_yy1_0,axe_xx1_0;56;;;C:8, F:8, Y:1, C:16, X:7, W:3, H:3, X:1, Y:7, C:4, F:64, ;314.70057344436646
88;1;MobilNet_08;1.2668567;0.016899386172580355;1;axe_out_channels1_0,axe_yy1_0,axe_xx1_0;56;;;C:16, F:8, Y:1, C:8, X:7, W:3, H:3, X:1, Y:7, C:4, F:64, ;316.4631345272064
88;2;MobilNet_08;1.6879677999999998;0.03721938538665034;1;axe_out_channels1_0,axe_yy1_0,axe_xx1_0;56;;;C:16, F:8, Y:1, C:8, X:7, W:3, H:3, X:1, Y:7, C:4, F:64, ;318.2466106414795
89;1;MobilNet_08;1.2354568999999997;0.017045529921067313;1;axe_out_channels1_0,axe_yy1_0,axe_xx1_0;56;;;C:32, F:8, Y:1, C:4, X:7, W:3, H:3, X:1, Y:7, C:4, F:64, ;320.0103135108948
89;2;MobilNet_08;1.7028586999999997;0.021842020634776443;1;axe_out_channels1_0,axe_yy1_0,axe_xx1_0;56;;;C:32, F:8, Y:1, C:4, X:7, W:3, H:3, X:1, Y:7, C:4, F:64, ;321.792359828949
90;1;MobilNet_08;1.2490972;0.019644303941855505;1;axe_out_channels1_0,axe_yy1_0,axe_xx1_0;56;;;C:64, F:8, Y:1, C:2, X:7, W:3, H:3, X:1, Y:7, C:4, F:64, ;323.5545439720154
90;2;MobilNet_08;1.6477142;0.04414775587003259;1;axe_out_channels1_0,axe_yy1_0,axe_xx1_0;56;;;C:64, F:8, Y:1, C:2, X:7, W:3, H:3, X:1, Y:7, C:4, F:64, ;325.34169602394104
91;1;MobilNet_08;1.2563965000000001;0.019094885897799965;1;axe_out_channels1_0,axe_yy1_0,axe_xx1_0;56;;;C:128, F:8, Y:1, C:1, X:7, W:3, H:3, X:1, Y:7, C:4, F:64, ;327.12923669815063
91;2;MobilNet_08;1.6063135;0.030034513471171843;1;axe_out_channels1_0,axe_yy1_0,axe_xx1_0;56;;;C:128, F:8, Y:1, C:1, X:7, W:3, H:3, X:1, Y:7, C:4, F:64, ;328.8992395401001
92;1;MobilNet_08;1.2805210999999999;0.012538913425412888;1;axe_out_channels1_0,axe_yy1_0,axe_xx1_0;56;;;C:1, F:8, Y:1, C:128, X:7, W:3, H:3, X:1, Y:7, C:4, F:64, ;330.6767873764038
92;2;MobilNet_08;1.7153037999999998;0.0372531312906714;1;axe_out_channels1_0,axe_yy1_0,axe_xx1_0;56;;;C:1, F:8, Y:1, C:128, X:7, W:3, H:3, X:1, Y:7, C:4, F:64, ;332.4696934223175
93;1;MobilNet_08;1.2861755;0.041699813988194216;1;axe_out_channels1_0,axe_yy1_0,axe_xx1_0;56;;;C:2, F:8, Y:1, C:64, X:7, W:3, H:3, X:1, Y:7, C:4, F:64, ;334.2538092136383
93;2;MobilNet_08;1.6841431;0.09432642344163168;1;axe_out_channels1_0,axe_yy1_0,axe_xx1_0;56;;;C:2, F:8, Y:1, C:64, X:7, W:3, H:3, X:1, Y:7, C:4, F:64, ;336.0417766571045
94;1;MobilNet_08;1.2729583;0.015314123716687136;1;axe_out_channels1_0,axe_yy1_0,axe_xx1_0;56;;;C:4, F:8, Y:1, C:32, X:7, W:3, H:3, X:1, Y:7, C:4, F:64, ;337.82869935035706
94;2;MobilNet_08;1.6337213000000002;0.1517950940228636;1;axe_out_channels1_0,axe_yy1_0,axe_xx1_0;56;;;C:4, F:8, Y:1, C:32, X:7, W:3, H:3, X:1, Y:7, C:4, F:64, ;339.6120300292969
95;1;MobilNet_08;1.2819618;0.027189495857040093;1;axe_out_channels1_0,axe_yy1_0,axe_xx1_0;56;;;C:8, F:8, Y:1, C:16, X:7, W:3, H:3, X:1, Y:7, C:4, F:64, ;341.40533423423767
95;2;MobilNet_08;1.6649321000000001;0.08297960864628132;1;axe_out_channels1_0,axe_yy1_0,axe_xx1_0;56;;;C:8, F:8, Y:1, C:16, X:7, W:3, H:3, X:1, Y:7, C:4, F:64, ;343.1938557624817
96;1;MobilNet_08;1.261424;0.010712734394168527;1;axe_out_channels1_0,axe_yy1_0,axe_xx1_0;56;;;C:16, F:8, Y:1, C:8, X:7, W:3, H:3, X:1, Y:7, C:4, F:64, ;344.97803473472595
96;2;MobilNet_08;1.6378547;0.1178059299594465;1;axe_out_channels1_0,axe_yy1_0,axe_xx1_0;56;;;C:16, F:8, Y:1, C:8, X:7, W:3, H:3, X:1, Y:7, C:4, F:64, ;346.77170276641846
97;1;MobilNet_08;1.2777777000000001;0.015172470847228574;1;axe_out_channels1_0,axe_yy1_0,axe_xx1_0;56;;;C:32, F:8, Y:1, C:4, X:7, W:3, H:3, X:1, Y:7, C:4, F:64, ;348.5634801387787
97;2;MobilNet_08;1.6354943000000002;0.07548925907312908;1;axe_out_channels1_0,axe_yy1_0,axe_xx1_0;56;;;C:32, F:8, Y:1, C:4, X:7, W:3, H:3, X:1, Y:7, C:4, F:64, ;350.34945487976074
98;1;MobilNet_08;1.316501;0.04550616560862935;1;axe_out_channels1_0,axe_yy1_0,axe_xx1_0;56;;;C:64, F:8, Y:1, C:2, X:7, W:3, H:3, X:1, Y:7, C:4, F:64, ;352.1405634880066
98;2;MobilNet_08;1.6392167;0.1052062587682406;1;axe_out_channels1_0,axe_yy1_0,axe_xx1_0;56;;;C:64, F:8, Y:1, C:2, X:7, W:3, H:3, X:1, Y:7, C:4, F:64, ;353.9232711791992
99;1;MobilNet_08;1.277557;0.02364358151380627;1;axe_out_channels1_0,axe_yy1_0,axe_xx1_0;56;;;C:128, F:8, Y:1, C:1, X:7, W:3, H:3, X:1, Y:7, C:4, F:64, ;355.70411586761475
99;2;MobilNet_08;1.7118489000000001;0.0569083774139625;1;axe_out_channels1_0,axe_yy1_0,axe_xx1_0;56;;;C:128, F:8, Y:1, C:1, X:7, W:3, H:3, X:1, Y:7, C:4, F:64, ;357.48390769958496
100;1;MobilNet_08;1.1404691;0.014200442397686065;1;axe_out_channels1_0,axe_yy1_0,axe_xx1_0;56;;;C:1, F:8, Y:1, C:128, X:7, W:3, H:3, X:1, Y:7, C:4, F:64, ;359.2578933238983
100;2;MobilNet_08;1.4471671000000002;0.042594210011338424;1;axe_out_channels1_0,axe_yy1_0,axe_xx1_0;56;;;C:1, F:8, Y:1, C:128, X:7, W:3, H:3, X:1, Y:7, C:4, F:64, ;361.03018951416016
101;1;MobilNet_08;1.123682;0.014619045646005779;1;axe_out_channels1_0,axe_yy1_0,axe_xx1_0;56;;;C:2, F:8, Y:1, C:64, X:7, W:3, H:3, X:1, Y:7, C:4, F:64, ;362.8053412437439
101;2;MobilNet_08;1.4964959;0.056472544383000825;1;axe_out_channels1_0,axe_yy1_0,axe_xx1_0;56;;;C:2, F:8, Y:1, C:64, X:7, W:3, H:3, X:1, Y:7, C:4, F:64, ;364.5853157043457
102;1;MobilNet_08;1.1549933000000001;0.015951199397224045;1;axe_out_channels1_0,axe_yy1_0,axe_xx1_0;56;;;C:4, F:8, Y:1, C:32, X:7, W:3, H:3, X:1, Y:7, C:4, F:64, ;366.36064100265503
102;2;MobilNet_08;1.3893958999999998;0.0680153920174691;1;axe_out_channels1_0,axe_yy1_0,axe_xx1_0;56;;;C:4, F:8, Y:1, C:32, X:7, W:3, H:3, X:1, Y:7, C:4, F:64, ;368.15103459358215
103;1;MobilNet_08;1.1729543999999998;0.02497218542378701;1;axe_out_channels1_0,axe_yy1_0,axe_xx1_0;56;;;C:8, F:8, Y:1, C:16, X:7, W:3, H:3, X:1, Y:7, C:4, F:64, ;369.9446005821228
103;2;MobilNet_08;1.4328256;0.039552290068212266;1;axe_out_channels1_0,axe_yy1_0,axe_xx1_0;56;;;C:8, F:8, Y:1, C:16, X:7, W:3, H:3, X:1, Y:7, C:4, F:64, ;371.7310326099396
104;1;MobilNet_08;1.1342548;0.01240396940338048;1;axe_out_channels1_0,axe_yy1_0,axe_xx1_0;56;;;C:16, F:8, Y:1, C:8, X:7, W:3, H:3, X:1, Y:7, C:4, F:64, ;373.50476574897766
104;2;MobilNet_08;1.5185282999999998;0.020572649460144848;1;axe_out_channels1_0,axe_yy1_0,axe_xx1_0;56;;;C:16, F:8, Y:1, C:8, X:7, W:3, H:3, X:1, Y:7, C:4, F:64, ;375.2926034927368
105;1;MobilNet_08;1.1462442999999998;0.019240947773173797;1;axe_out_channels1_0,axe_yy1_0,axe_xx1_0;56;;;C:32, F:8, Y:1, C:4, X:7, W:3, H:3, X:1, Y:7, C:4, F:64, ;377.07878375053406
105;2;MobilNet_08;1.4564118;0.042931464575064304;1;axe_out_channels1_0,axe_yy1_0,axe_xx1_0;56;;;C:32, F:8, Y:1, C:4, X:7, W:3, H:3, X:1, Y:7, C:4, F:64, ;378.86971950531006
106;1;MobilNet_08;1.1664072;0.027545252287100194;1;axe_out_channels1_0,axe_yy1_0,axe_xx1_0;56;;;C:64, F:8, Y:1, C:2, X:7, W:3, H:3, X:1, Y:7, C:4, F:64, ;380.64842414855957
106;2;MobilNet_08;1.4864209999999998;0.04718918119018381;1;axe_out_channels1_0,axe_yy1_0,axe_xx1_0;56;;;C:64, F:8, Y:1, C:2, X:7, W:3, H:3, X:1, Y:7, C:4, F:64, ;382.44172978401184
107;1;MobilNet_08;1.1402085999999998;0.012167407605566654;1;axe_out_channels1_0,axe_yy1_0,axe_xx1_0;56;;;C:128, F:8, Y:1, C:1, X:7, W:3, H:3, X:1, Y:7, C:4, F:64, ;384.21939516067505
107;2;MobilNet_08;1.4503659999999998;0.031704464635126724;1;axe_out_channels1_0,axe_yy1_0,axe_xx1_0;56;;;C:128, F:8, Y:1, C:1, X:7, W:3, H:3, X:1, Y:7, C:4, F:64, ;385.99729180336
108;1;MobilNet_08;2.5393211;0.02731160888138964;1;axe_out_channels1_0,axe_yy1_0,axe_xx1_0;56;;;C:1, F:8, Y:1, C:256, X:7, W:3, H:3, X:1, Y:7, C:2, F:64, ;387.7884647846222
108;2;MobilNet_08;1.8154185999999999;0.024404852546983342;1;axe_out_channels1_0,axe_yy1_0,axe_xx1_0;56;;;C:1, F:8, Y:1, C:256, X:7, W:3, H:3, X:1, Y:7, C:2, F:64, ;389.5465955734253
109;1;MobilNet_08;2.5714225;0.025161908700454382;1;axe_out_channels1_0,axe_yy1_0,axe_xx1_0;56;;;C:2, F:8, Y:1, C:128, X:7, W:3, H:3, X:1, Y:7, C:2, F:64, ;391.34505128860474
109;2;MobilNet_08;1.7454553000000002;0.028493637451367942;1;axe_out_channels1_0,axe_yy1_0,axe_xx1_0;56;;;C:2, F:8, Y:1, C:128, X:7, W:3, H:3, X:1, Y:7, C:2, F:64, ;393.11755418777466
110;1;MobilNet_08;2.5870297;0.025073049599320735;1;axe_out_channels1_0,axe_yy1_0,axe_xx1_0;56;;;C:4, F:8, Y:1, C:64, X:7, W:3, H:3, X:1, Y:7, C:2, F:64, ;394.9162268638611
110;2;MobilNet_08;1.8012484;0.037907862235161675;1;axe_out_channels1_0,axe_yy1_0,axe_xx1_0;56;;;C:4, F:8, Y:1, C:64, X:7, W:3, H:3, X:1, Y:7, C:2, F:64, ;396.6836841106415
111;1;MobilNet_08;2.5427072;0.02231857590349353;1;axe_out_channels1_0,axe_yy1_0,axe_xx1_0;56;;;C:8, F:8, Y:1, C:32, X:7, W:3, H:3, X:1, Y:7, C:2, F:64, ;398.48275089263916
111;2;MobilNet_08;1.7897327;0.060552749906259355;1;axe_out_channels1_0,axe_yy1_0,axe_xx1_0;56;;;C:8, F:8, Y:1, C:32, X:7, W:3, H:3, X:1, Y:7, C:2, F:64, ;400.2812147140503
112;1;MobilNet_08;2.5773196999999994;0.019931889584532705;1;axe_out_channels1_0,axe_yy1_0,axe_xx1_0;56;;;C:16, F:8, Y:1, C:16, X:7, W:3, H:3, X:1, Y:7, C:2, F:64, ;402.0915722846985
112;2;MobilNet_08;1.7886997;0.05174915794300423;1;axe_out_channels1_0,axe_yy1_0,axe_xx1_0;56;;;C:16, F:8, Y:1, C:16, X:7, W:3, H:3, X:1, Y:7, C:2, F:64, ;403.8539686203003
113;1;MobilNet_08;2.5784550000000004;0.021309140090580884;1;axe_out_channels1_0,axe_yy1_0,axe_xx1_0;56;;;C:32, F:8, Y:1, C:8, X:7, W:3, H:3, X:1, Y:7, C:2, F:64, ;405.6603705883026
113;2;MobilNet_08;1.7808816999999997;0.03737050290817618;1;axe_out_channels1_0,axe_yy1_0,axe_xx1_0;56;;;C:32, F:8, Y:1, C:8, X:7, W:3, H:3, X:1, Y:7, C:2, F:64, ;407.45170378685
114;1;MobilNet_08;2.5485533;0.015831178838292506;1;axe_out_channels1_0,axe_yy1_0,axe_xx1_0;56;;;C:64, F:8, Y:1, C:4, X:7, W:3, H:3, X:1, Y:7, C:2, F:64, ;409.25086879730225
114;2;MobilNet_08;1.8105504;0.04824879479779777;1;axe_out_channels1_0,axe_yy1_0,axe_xx1_0;56;;;C:64, F:8, Y:1, C:4, X:7, W:3, H:3, X:1, Y:7, C:2, F:64, ;411.02352595329285
115;1;MobilNet_08;2.5437312;0.019891228704129828;1;axe_out_channels1_0,axe_yy1_0,axe_xx1_0;56;;;C:128, F:8, Y:1, C:2, X:7, W:3, H:3, X:1, Y:7, C:2, F:64, ;412.81425952911377
115;2;MobilNet_08;1.789443;0.034535305378699074;1;axe_out_channels1_0,axe_yy1_0,axe_xx1_0;56;;;C:128, F:8, Y:1, C:2, X:7, W:3, H:3, X:1, Y:7, C:2, F:64, ;414.5767033100128
116;1;MobilNet_08;2.5788248000000005;0.020348210519846702;1;axe_out_channels1_0,axe_yy1_0,axe_xx1_0;56;;;C:256, F:8, Y:1, C:1, X:7, W:3, H:3, X:1, Y:7, C:2, F:64, ;416.3696093559265
116;2;MobilNet_08;1.8024755999999997;0.03118017538180311;1;axe_out_channels1_0,axe_yy1_0,axe_xx1_0;56;;;C:256, F:8, Y:1, C:1, X:7, W:3, H:3, X:1, Y:7, C:2, F:64, ;418.12793612480164
117;1;MobilNet_08;2.3161522999999997;0.023331239131473443;1;axe_out_channels1_0,axe_yy1_0,axe_xx1_0;56;;;C:1, F:8, Y:1, C:256, X:7, W:3, H:3, X:1, Y:7, C:2, F:64, ;419.9493224620819
117;2;MobilNet_08;1.6678085;0.027115466281257276;1;axe_out_channels1_0,axe_yy1_0,axe_xx1_0;56;;;C:1, F:8, Y:1, C:256, X:7, W:3, H:3, X:1, Y:7, C:2, F:64, ;421.7449381351471
118;1;MobilNet_08;2.3258126999999997;0.02133604840194178;1;axe_out_channels1_0,axe_yy1_0,axe_xx1_0;56;;;C:2, F:8, Y:1, C:128, X:7, W:3, H:3, X:1, Y:7, C:2, F:64, ;423.559858083725
118;2;MobilNet_08;1.5441925;0.03257651648427128;1;axe_out_channels1_0,axe_yy1_0,axe_xx1_0;56;;;C:2, F:8, Y:1, C:128, X:7, W:3, H:3, X:1, Y:7, C:2, F:64, ;425.3526437282562
119;1;MobilNet_08;2.3187571;0.030147619217609865;1;axe_out_channels1_0,axe_yy1_0,axe_xx1_0;56;;;C:4, F:8, Y:1, C:64, X:7, W:3, H:3, X:1, Y:7, C:2, F:64, ;427.1682312488556
119;2;MobilNet_08;1.5204664;0.07223214477253184;1;axe_out_channels1_0,axe_yy1_0,axe_xx1_0;56;;;C:4, F:8, Y:1, C:64, X:7, W:3, H:3, X:1, Y:7, C:2, F:64, ;428.9594373703003
120;1;MobilNet_08;2.3417694999999994;0.026751775971886386;1;axe_out_channels1_0,axe_yy1_0,axe_xx1_0;56;;;C:8, F:8, Y:1, C:32, X:7, W:3, H:3, X:1, Y:7, C:2, F:64, ;430.7860195636749
120;2;MobilNet_08;1.4713227;0.07089119582437586;1;axe_out_channels1_0,axe_yy1_0,axe_xx1_0;56;;;C:8, F:8, Y:1, C:32, X:7, W:3, H:3, X:1, Y:7, C:2, F:64, ;432.58402013778687
121;1;MobilNet_08;2.3268174999999998;0.022227221941799165;1;axe_out_channels1_0,axe_yy1_0,axe_xx1_0;56;;;C:16, F:8, Y:1, C:16, X:7, W:3, H:3, X:1, Y:7, C:2, F:64, ;434.40981912612915
121;2;MobilNet_08;1.5434749;0.053088219238264144;1;axe_out_channels1_0,axe_yy1_0,axe_xx1_0;56;;;C:16, F:8, Y:1, C:16, X:7, W:3, H:3, X:1, Y:7, C:2, F:64, ;436.1999206542969
122;1;MobilNet_08;2.3344627000000004;0.02329727259594987;1;axe_out_channels1_0,axe_yy1_0,axe_xx1_0;56;;;C:32, F:8, Y:1, C:8, X:7, W:3, H:3, X:1, Y:7, C:2, F:64, ;438.021933555603
122;2;MobilNet_08;1.5609165;0.06069292528334752;1;axe_out_channels1_0,axe_yy1_0,axe_xx1_0;56;;;C:32, F:8, Y:1, C:8, X:7, W:3, H:3, X:1, Y:7, C:2, F:64, ;439.81765031814575
123;1;MobilNet_08;2.3361268;0.026140334010107923;1;axe_out_channels1_0,axe_yy1_0,axe_xx1_0;56;;;C:64, F:8, Y:1, C:4, X:7, W:3, H:3, X:1, Y:7, C:2, F:64, ;441.6433570384979
123;2;MobilNet_08;1.588407;0.041989715433663005;1;axe_out_channels1_0,axe_yy1_0,axe_xx1_0;56;;;C:64, F:8, Y:1, C:4, X:7, W:3, H:3, X:1, Y:7, C:2, F:64, ;443.4418218135834
124;1;MobilNet_08;2.3395809;0.022989830440653586;1;axe_out_channels1_0,axe_yy1_0,axe_xx1_0;56;;;C:128, F:8, Y:1, C:2, X:7, W:3, H:3, X:1, Y:7, C:2, F:64, ;445.25473165512085
124;2;MobilNet_08;1.5305693999999999;0.056146755226281785;1;axe_out_channels1_0,axe_yy1_0,axe_xx1_0;56;;;C:128, F:8, Y:1, C:2, X:7, W:3, H:3, X:1, Y:7, C:2, F:64, ;447.0497109889984
125;1;MobilNet_08;2.3439522;0.022972196759561383;1;axe_out_channels1_0,axe_yy1_0,axe_xx1_0;56;;;C:256, F:8, Y:1, C:1, X:7, W:3, H:3, X:1, Y:7, C:2, F:64, ;448.87281799316406
125;2;MobilNet_08;1.6463743000000002;0.04993971425839361;1;axe_out_channels1_0,axe_yy1_0,axe_xx1_0;56;;;C:256, F:8, Y:1, C:1, X:7, W:3, H:3, X:1, Y:7, C:2, F:64, ;450.66745495796204
126;1;MobilNet_08;2.2656348;0.01767401129794822;1;axe_out_channels1_0,axe_yy1_0,axe_xx1_0;56;;;C:1, F:8, Y:1, C:256, X:7, W:3, H:3, X:1, Y:7, C:2, F:64, ;452.4800205230713
126;2;MobilNet_08;1.3804894;0.05447833523924899;1;axe_out_channels1_0,axe_yy1_0,axe_xx1_0;56;;;C:1, F:8, Y:1, C:256, X:7, W:3, H:3, X:1, Y:7, C:2, F:64, ;454.26295471191406
127;1;MobilNet_08;2.2777774;0.01762470942852675;1;axe_out_channels1_0,axe_yy1_0,axe_xx1_0;56;;;C:2, F:8, Y:1, C:128, X:7, W:3, H:3, X:1, Y:7, C:2, F:64, ;456.0705931186676
127;2;MobilNet_08;1.4975779;0.0446771367848254;1;axe_out_channels1_0,axe_yy1_0,axe_xx1_0;56;;;C:2, F:8, Y:1, C:128, X:7, W:3, H:3, X:1, Y:7, C:2, F:64, ;457.85386395454407
128;1;MobilNet_08;2.2011727;0.022144889758361833;1;axe_out_channels1_0,axe_yy1_0,axe_xx1_0;56;;;C:4, F:8, Y:1, C:64, X:7, W:3, H:3, X:1, Y:7, C:2, F:64, ;459.6636252403259
128;2;MobilNet_08;1.5024111999999998;0.02726291212911779;1;axe_out_channels1_0,axe_yy1_0,axe_xx1_0;56;;;C:4, F:8, Y:1, C:64, X:7, W:3, H:3, X:1, Y:7, C:2, F:64, ;461.4407572746277
129;1;MobilNet_08;2.2732238;0.020143125461556367;1;axe_out_channels1_0,axe_yy1_0,axe_xx1_0;56;;;C:8, F:8, Y:1, C:32, X:7, W:3, H:3, X:1, Y:7, C:2, F:64, ;463.26944875717163
129;2;MobilNet_08;1.4976156;0.05612213592193369;1;axe_out_channels1_0,axe_yy1_0,axe_xx1_0;56;;;C:8, F:8, Y:1, C:32, X:7, W:3, H:3, X:1, Y:7, C:2, F:64, ;465.0549957752228
130;1;MobilNet_08;2.2477954;0.02218202211792238;1;axe_out_channels1_0,axe_yy1_0,axe_xx1_0;56;;;C:16, F:8, Y:1, C:16, X:7, W:3, H:3, X:1, Y:7, C:2, F:64, ;466.8768501281738
130;2;MobilNet_08;1.4452539999999998;0.04738178708322431;1;axe_out_channels1_0,axe_yy1_0,axe_xx1_0;56;;;C:16, F:8, Y:1, C:16, X:7, W:3, H:3, X:1, Y:7, C:2, F:64, ;468.6587960720062
131;1;MobilNet_08;2.2692746;0.02345562468236566;1;axe_out_channels1_0,axe_yy1_0,axe_xx1_0;56;;;C:32, F:8, Y:1, C:8, X:7, W:3, H:3, X:1, Y:7, C:2, F:64, ;470.4649624824524
131;2;MobilNet_08;1.4156695000000001;0.04994986655888078;1;axe_out_channels1_0,axe_yy1_0,axe_xx1_0;56;;;C:32, F:8, Y:1, C:8, X:7, W:3, H:3, X:1, Y:7, C:2, F:64, ;472.234845161438
132;1;MobilNet_08;2.2906427000000003;0.02137063755272635;1;axe_out_channels1_0,axe_yy1_0,axe_xx1_0;56;;;C:64, F:8, Y:1, C:4, X:7, W:3, H:3, X:1, Y:7, C:2, F:64, ;474.04387521743774
132;2;MobilNet_08;1.4922145;0.03352432965549051;1;axe_out_channels1_0,axe_yy1_0,axe_xx1_0;56;;;C:64, F:8, Y:1, C:4, X:7, W:3, H:3, X:1, Y:7, C:2, F:64, ;475.8303875923157
133;1;MobilNet_08;2.2880470999999996;0.02681372222370487;1;axe_out_channels1_0,axe_yy1_0,axe_xx1_0;56;;;C:128, F:8, Y:1, C:2, X:7, W:3, H:3, X:1, Y:7, C:2, F:64, ;477.6397078037262
133;2;MobilNet_08;1.4811941999999998;0.02117232706529917;1;axe_out_channels1_0,axe_yy1_0,axe_xx1_0;56;;;C:128, F:8, Y:1, C:2, X:7, W:3, H:3, X:1, Y:7, C:2, F:64, ;479.41673612594604
134;1;MobilNet_08;2.2905344;0.02663184759343596;1;axe_out_channels1_0,axe_yy1_0,axe_xx1_0;56;;;C:256, F:8, Y:1, C:1, X:7, W:3, H:3, X:1, Y:7, C:2, F:64, ;481.22347950935364
134;2;MobilNet_08;1.4229309;0.03592104742195028;1;axe_out_channels1_0,axe_yy1_0,axe_xx1_0;56;;;C:256, F:8, Y:1, C:1, X:7, W:3, H:3, X:1, Y:7, C:2, F:64, ;482.9953508377075
135;1;MobilNet_08;4.8641122999999995;0.03361460072066891;1;axe_out_channels1_0,axe_yy1_0,axe_xx1_0;56;;;C:1, F:8, Y:1, C:512, X:7, W:3, H:3, X:1, Y:7, C:1, F:64, ;484.8864505290985
135;2;MobilNet_08;1.9565424;0.20233788552873636;1;axe_out_channels1_0,axe_yy1_0,axe_xx1_0;56;;;C:1, F:8, Y:1, C:512, X:7, W:3, H:3, X:1, Y:7, C:1, F:64, ;486.6575746536255
136;1;MobilNet_08;4.8507221000000005;0.033439975910427966;1;axe_out_channels1_0,axe_yy1_0,axe_xx1_0;56;;;C:2, F:8, Y:1, C:256, X:7, W:3, H:3, X:1, Y:7, C:1, F:64, ;488.5365777015686
136;2;MobilNet_08;1.9247467;0.09745561273118139;1;axe_out_channels1_0,axe_yy1_0,axe_xx1_0;56;;;C:2, F:8, Y:1, C:256, X:7, W:3, H:3, X:1, Y:7, C:1, F:64, ;490.3143501281738
137;1;MobilNet_08;4.9020166;0.041989478477828086;1;axe_out_channels1_0,axe_yy1_0,axe_xx1_0;56;;;C:4, F:8, Y:1, C:128, X:7, W:3, H:3, X:1, Y:7, C:1, F:64, ;492.2013487815857
137;2;MobilNet_08;1.9526368;0.1329356097994814;1;axe_out_channels1_0,axe_yy1_0,axe_xx1_0;56;;;C:4, F:8, Y:1, C:128, X:7, W:3, H:3, X:1, Y:7, C:1, F:64, ;493.9785053730011
138;1;MobilNet_08;4.8406498;0.0363937469486175;1;axe_out_channels1_0,axe_yy1_0,axe_xx1_0;56;;;C:8, F:8, Y:1, C:64, X:7, W:3, H:3, X:1, Y:7, C:1, F:64, ;495.869277715683
138;2;MobilNet_08;1.9460339999999998;0.05759831964389239;1;axe_out_channels1_0,axe_yy1_0,axe_xx1_0;56;;;C:8, F:8, Y:1, C:64, X:7, W:3, H:3, X:1, Y:7, C:1, F:64, ;497.64790558815
139;1;MobilNet_08;4.8603611;0.05462647186932365;1;axe_out_channels1_0,axe_yy1_0,axe_xx1_0;56;;;C:16, F:8, Y:1, C:32, X:7, W:3, H:3, X:1, Y:7, C:1, F:64, ;499.55135679244995
139;2;MobilNet_08;2.0592537;0.06779918020013218;1;axe_out_channels1_0,axe_yy1_0,axe_xx1_0;56;;;C:16, F:8, Y:1, C:32, X:7, W:3, H:3, X:1, Y:7, C:1, F:64, ;501.33684515953064
140;1;MobilNet_08;4.8781026999999995;0.027391116195036633;1;axe_out_channels1_0,axe_yy1_0,axe_xx1_0;56;;;C:32, F:8, Y:1, C:16, X:7, W:3, H:3, X:1, Y:7, C:1, F:64, ;503.23931884765625
140;2;MobilNet_08;1.8204399000000002;0.36743252304074825;1;axe_out_channels1_0,axe_yy1_0,axe_xx1_0;56;;;C:32, F:8, Y:1, C:16, X:7, W:3, H:3, X:1, Y:7, C:1, F:64, ;505.0159933567047
141;1;MobilNet_08;4.938910900000001;0.034164469111783426;1;axe_out_channels1_0,axe_yy1_0,axe_xx1_0;56;;;C:64, F:8, Y:1, C:8, X:7, W:3, H:3, X:1, Y:7, C:1, F:64, ;506.9112060070038
141;2;MobilNet_08;1.9817463999999998;0.11179635970119971;1;axe_out_channels1_0,axe_yy1_0,axe_xx1_0;56;;;C:64, F:8, Y:1, C:8, X:7, W:3, H:3, X:1, Y:7, C:1, F:64, ;508.6964955329895
142;1;MobilNet_08;4.860927900000001;0.013301060013773361;1;axe_out_channels1_0,axe_yy1_0,axe_xx1_0;56;;;C:128, F:8, Y:1, C:4, X:7, W:3, H:3, X:1, Y:7, C:1, F:64, ;510.58268308639526
142;2;MobilNet_08;2.0310904;0.09741915339726578;1;axe_out_channels1_0,axe_yy1_0,axe_xx1_0;56;;;C:128, F:8, Y:1, C:4, X:7, W:3, H:3, X:1, Y:7, C:1, F:64, ;512.369213104248
143;1;MobilNet_08;4.8807456;0.05295513893702847;1;axe_out_channels1_0,axe_yy1_0,axe_xx1_0;56;;;C:256, F:8, Y:1, C:2, X:7, W:3, H:3, X:1, Y:7, C:1, F:64, ;514.2477173805237
143;2;MobilNet_08;2.0698142;0.06778609674970235;1;axe_out_channels1_0,axe_yy1_0,axe_xx1_0;56;;;C:256, F:8, Y:1, C:2, X:7, W:3, H:3, X:1, Y:7, C:1, F:64, ;516.0299730300903
144;1;MobilNet_08;4.8061679;0.04506953733166106;1;axe_out_channels1_0,axe_yy1_0,axe_xx1_0;56;;;C:512, F:8, Y:1, C:1, X:7, W:3, H:3, X:1, Y:7, C:1, F:64, ;517.9078850746155
144;2;MobilNet_08;2.0716352000000002;0.08039903713702048;1;axe_out_channels1_0,axe_yy1_0,axe_xx1_0;56;;;C:512, F:8, Y:1, C:1, X:7, W:3, H:3, X:1, Y:7, C:1, F:64, ;519.6719689369202
145;1;MobilNet_08;5.398650399999999;0.04276297699459192;1;axe_out_channels1_0,axe_yy1_0,axe_xx1_0;56;;;C:1, F:8, Y:1, C:512, X:7, W:3, H:3, X:1, Y:7, C:1, F:64, ;521.5899758338928
145;2;MobilNet_08;1.8178744999999998;0.037504208500513656;1;axe_out_channels1_0,axe_yy1_0,axe_xx1_0;56;;;C:1, F:8, Y:1, C:512, X:7, W:3, H:3, X:1, Y:7, C:1, F:64, ;523.3698937892914
146;1;MobilNet_08;5.3839647;0.04642388320046041;1;axe_out_channels1_0,axe_yy1_0,axe_xx1_0;56;;;C:2, F:8, Y:1, C:256, X:7, W:3, H:3, X:1, Y:7, C:1, F:64, ;525.2979884147644
146;2;MobilNet_08;1.9298482;0.1299050359037709;1;axe_out_channels1_0,axe_yy1_0,axe_xx1_0;56;;;C:2, F:8, Y:1, C:256, X:7, W:3, H:3, X:1, Y:7, C:1, F:64, ;527.0844440460205
147;1;MobilNet_08;5.354989;0.03519994028404028;1;axe_out_channels1_0,axe_yy1_0,axe_xx1_0;56;;;C:4, F:8, Y:1, C:128, X:7, W:3, H:3, X:1, Y:7, C:1, F:64, ;529.0149192810059
147;2;MobilNet_08;1.8102619999999998;0.18364583792234446;1;axe_out_channels1_0,axe_yy1_0,axe_xx1_0;56;;;C:4, F:8, Y:1, C:128, X:7, W:3, H:3, X:1, Y:7, C:1, F:64, ;530.8035080432892
148;1;MobilNet_08;5.3729317;0.06047747360306971;1;axe_out_channels1_0,axe_yy1_0,axe_xx1_0;56;;;C:8, F:8, Y:1, C:64, X:7, W:3, H:3, X:1, Y:7, C:1, F:64, ;532.7323217391968
148;2;MobilNet_08;1.8412224;0.11237213881225189;1;axe_out_channels1_0,axe_yy1_0,axe_xx1_0;56;;;C:8, F:8, Y:1, C:64, X:7, W:3, H:3, X:1, Y:7, C:1, F:64, ;534.5239889621735
149;1;MobilNet_08;5.3867388;0.05308488928273284;1;axe_out_channels1_0,axe_yy1_0,axe_xx1_0;56;;;C:16, F:8, Y:1, C:32, X:7, W:3, H:3, X:1, Y:7, C:1, F:64, ;536.4666929244995
149;2;MobilNet_08;1.9468857;0.11918752533721805;1;axe_out_channels1_0,axe_yy1_0,axe_xx1_0;56;;;C:16, F:8, Y:1, C:32, X:7, W:3, H:3, X:1, Y:7, C:1, F:64, ;538.2757723331451
150;1;MobilNet_08;5.4098838;0.02709143289233729;1;axe_out_channels1_0,axe_yy1_0,axe_xx1_0;56;;;C:32, F:8, Y:1, C:16, X:7, W:3, H:3, X:1, Y:7, C:1, F:64, ;540.220018863678
150;2;MobilNet_08;1.9685838;0.06205070822931836;1;axe_out_channels1_0,axe_yy1_0,axe_xx1_0;56;;;C:32, F:8, Y:1, C:16, X:7, W:3, H:3, X:1, Y:7, C:1, F:64, ;542.0109195709229
151;1;MobilNet_08;5.414158800000001;0.044068842911517324;1;axe_out_channels1_0,axe_yy1_0,axe_xx1_0;56;;;C:64, F:8, Y:1, C:8, X:7, W:3, H:3, X:1, Y:7, C:1, F:64, ;543.9426245689392
151;2;MobilNet_08;1.7905424;0.24951621611518557;1;axe_out_channels1_0,axe_yy1_0,axe_xx1_0;56;;;C:64, F:8, Y:1, C:8, X:7, W:3, H:3, X:1, Y:7, C:1, F:64, ;545.7304255962372
152;1;MobilNet_08;5.415166900000001;0.02855502962509425;1;axe_out_channels1_0,axe_yy1_0,axe_xx1_0;56;;;C:128, F:8, Y:1, C:4, X:7, W:3, H:3, X:1, Y:7, C:1, F:64, ;547.655590057373
152;2;MobilNet_08;1.9538067000000001;0.10948797127086608;1;axe_out_channels1_0,axe_yy1_0,axe_xx1_0;56;;;C:128, F:8, Y:1, C:4, X:7, W:3, H:3, X:1, Y:7, C:1, F:64, ;549.4441857337952
153;1;MobilNet_08;5.4179132999999995;0.03603419185454285;1;axe_out_channels1_0,axe_yy1_0,axe_xx1_0;56;;;C:256, F:8, Y:1, C:2, X:7, W:3, H:3, X:1, Y:7, C:1, F:64, ;551.3679256439209
153;2;MobilNet_08;1.9759734999999998;0.06197608078000735;1;axe_out_channels1_0,axe_yy1_0,axe_xx1_0;56;;;C:256, F:8, Y:1, C:2, X:7, W:3, H:3, X:1, Y:7, C:1, F:64, ;553.1683595180511
154;1;MobilNet_08;5.3781559;0.031061784090583126;1;axe_out_channels1_0,axe_yy1_0,axe_xx1_0;56;;;C:512, F:8, Y:1, C:1, X:7, W:3, H:3, X:1, Y:7, C:1, F:64, ;555.0900416374207
154;2;MobilNet_08;1.7328825;0.19345227358149605;1;axe_out_channels1_0,axe_yy1_0,axe_xx1_0;56;;;C:512, F:8, Y:1, C:1, X:7, W:3, H:3, X:1, Y:7, C:1, F:64, ;556.8797206878662
155;1;MobilNet_08;4.3893298000000005;0.02365724159237511;1;axe_out_channels1_0,axe_yy1_0,axe_xx1_0;56;;;C:1, F:8, Y:1, C:512, X:7, W:3, H:3, X:1, Y:7, C:1, F:64, ;558.7711877822876
155;2;MobilNet_08;1.4606672;0.040920736549578354;1;axe_out_channels1_0,axe_yy1_0,axe_xx1_0;56;;;C:1, F:8, Y:1, C:512, X:7, W:3, H:3, X:1, Y:7, C:1, F:64, ;560.5428545475006
156;1;MobilNet_08;4.4357015;0.028982471575937037;1;axe_out_channels1_0,axe_yy1_0,axe_xx1_0;56;;;C:2, F:8, Y:1, C:256, X:7, W:3, H:3, X:1, Y:7, C:1, F:64, ;562.430634021759
156;2;MobilNet_08;1.4630841;0.06660999300022481;1;axe_out_channels1_0,axe_yy1_0,axe_xx1_0;56;;;C:2, F:8, Y:1, C:256, X:7, W:3, H:3, X:1, Y:7, C:1, F:64, ;564.2111520767212
157;1;MobilNet_08;4.3946656000000015;0.028724904167638142;1;axe_out_channels1_0,axe_yy1_0,axe_xx1_0;56;;;C:4, F:8, Y:1, C:128, X:7, W:3, H:3, X:1, Y:7, C:1, F:64, ;566.1012382507324
157;2;MobilNet_08;1.4377562999999998;0.08727275495027069;1;axe_out_channels1_0,axe_yy1_0,axe_xx1_0;56;;;C:4, F:8, Y:1, C:128, X:7, W:3, H:3, X:1, Y:7, C:1, F:64, ;567.8764111995697
158;1;MobilNet_08;4.441719900000001;0.029771541167531113;1;axe_out_channels1_0,axe_yy1_0,axe_xx1_0;56;;;C:8, F:8, Y:1, C:64, X:7, W:3, H:3, X:1, Y:7, C:1, F:64, ;569.7742788791656
158;2;MobilNet_08;1.4539712;0.04853283852774327;1;axe_out_channels1_0,axe_yy1_0,axe_xx1_0;56;;;C:8, F:8, Y:1, C:64, X:7, W:3, H:3, X:1, Y:7, C:1, F:64, ;571.5529539585114
159;1;MobilNet_08;4.3850096999999995;0.032393656055005444;1;axe_out_channels1_0,axe_yy1_0,axe_xx1_0;56;;;C:16, F:8, Y:1, C:32, X:7, W:3, H:3, X:1, Y:7, C:1, F:64, ;573.4523870944977
159;2;MobilNet_08;1.5048914;0.05167658870552507;1;axe_out_channels1_0,axe_yy1_0,axe_xx1_0;56;;;C:16, F:8, Y:1, C:32, X:7, W:3, H:3, X:1, Y:7, C:1, F:64, ;575.2247281074524
160;1;MobilNet_08;4.414011199999999;0.02530658662403904;1;axe_out_channels1_0,axe_yy1_0,axe_xx1_0;56;;;C:32, F:8, Y:1, C:16, X:7, W:3, H:3, X:1, Y:7, C:1, F:64, ;577.1178925037384
160;2;MobilNet_08;1.3207286999999999;0.15044951256687406;1;axe_out_channels1_0,axe_yy1_0,axe_xx1_0;56;;;C:32, F:8, Y:1, C:16, X:7, W:3, H:3, X:1, Y:7, C:1, F:64, ;578.8884510993958
161;1;MobilNet_08;4.4539957;0.034907184507060936;1;axe_out_channels1_0,axe_yy1_0,axe_xx1_0;56;;;C:64, F:8, Y:1, C:8, X:7, W:3, H:3, X:1, Y:7, C:1, F:64, ;580.7855951786041
161;2;MobilNet_08;1.4612949;0.049432204139508086;1;axe_out_channels1_0,axe_yy1_0,axe_xx1_0;56;;;C:64, F:8, Y:1, C:8, X:7, W:3, H:3, X:1, Y:7, C:1, F:64, ;582.5587170124054
162;1;MobilNet_08;4.4333836;0.03096173606954245;1;axe_out_channels1_0,axe_yy1_0,axe_xx1_0;56;;;C:128, F:8, Y:1, C:4, X:7, W:3, H:3, X:1, Y:7, C:1, F:64, ;584.4491267204285
162;2;MobilNet_08;1.4400814;0.09827070716363041;1;axe_out_channels1_0,axe_yy1_0,axe_xx1_0;56;;;C:128, F:8, Y:1, C:4, X:7, W:3, H:3, X:1, Y:7, C:1, F:64, ;586.2346150875092
163;1;MobilNet_08;4.4438829;0.026334080521066314;1;axe_out_channels1_0,axe_yy1_0,axe_xx1_0;56;;;C:256, F:8, Y:1, C:2, X:7, W:3, H:3, X:1, Y:7, C:1, F:64, ;588.1152412891388
163;2;MobilNet_08;1.5096935999999999;0.05708474290771571;1;axe_out_channels1_0,axe_yy1_0,axe_xx1_0;56;;;C:256, F:8, Y:1, C:2, X:7, W:3, H:3, X:1, Y:7, C:1, F:64, ;589.8993992805481
164;1;MobilNet_08;4.390255499999999;0.023069576967296217;1;axe_out_channels1_0,axe_yy1_0,axe_xx1_0;56;;;C:512, F:8, Y:1, C:1, X:7, W:3, H:3, X:1, Y:7, C:1, F:64, ;591.7837336063385
164;2;MobilNet_08;1.4268485;0.1081327297734132;1;axe_out_channels1_0,axe_yy1_0,axe_xx1_0;56;;;C:512, F:8, Y:1, C:1, X:7, W:3, H:3, X:1, Y:7, C:1, F:64, ;593.5440955162048
